Shares,Value,Url,Text,Transaction,Start date,Ownership,Ticker,mask_executive_id,mask_position_id
1113,0.0,,Stock Gift at price 0.00 per share.,,2026-02-26,D,AAPL,95481cce85519ce87bd5786165efbb5d20b17433537f1f3d6dee60ae33f1ab5d,b3c5bb2c6216bd5eebb27844209d649b53dfffa56f1b9bd189f374dcc0056611
1255,,,,,2026-01-30,D,AAPL,aff7229729c2f8b97f85e6b0ec7841f4e135251f5a4d329420d58915db47377e,b3c5bb2c6216bd5eebb27844209d649b53dfffa56f1b9bd189f374dcc0056611
1255,,,,,2026-01-30,D,AAPL,b6cebf86f3ac06537fed62d476c9875dbf1660fedb782dfde575767aa0812b99,b3c5bb2c6216bd5eebb27844209d649b53dfffa56f1b9bd189f374dcc0056611
1255,,,,,2026-01-30,D,AAPL,94c53e97469084010c800f2f24d371da1aead3085d02871c70fd760038c6c0e9,b3c5bb2c6216bd5eebb27844209d649b53dfffa56f1b9bd189f374dcc0056611
1113,,,,,2026-01-30,D,AAPL,95481cce85519ce87bd5786165efbb5d20b17433537f1f3d6dee60ae33f1ab5d,b3c5bb2c6216bd5eebb27844209d649b53dfffa56f1b9bd189f374dcc0056611
1255,,,,,2026-01-30,D,AAPL,e630dbd951c2baa001f019825344ab4ce021383d082587f1a715fb78540239a7,b3c5bb2c6216bd5eebb27844209d649b53dfffa56f1b9bd189f374dcc0056611
1255,,,,,2026-01-30,D,AAPL,18972600f73263c79dc1492e87b8af6c39253f892af3dad4079baceba0c7cf61,b3c5bb2c6216bd5eebb27844209d649b53dfffa56f1b9bd189f374dcc0056611
1255,,,,,2026-01-30,D,AAPL,86bfa7b88ad75f0088cb029d9bca3056943d137fd4408c1979b7fdfb4a4fbd6d,b3c5bb2c6216bd5eebb27844209d649b53dfffa56f1b9bd189f374dcc0056611
3750,0.0,,Stock Gift at price 0.00 per share.,,2025-11-12,D,AAPL,2ae56e584c3dffab7b02c7e0ac9e2f0e5fdcb8b42c6ec16217461e797471bad7,ddc6553a3117cff562599196b3f46145f6b65c04853b9af6721ae2a0338e0bff
3752,1017655.0,,Sale at price 271.23 per share.,,2025-11-07,D,AAPL,51e3445274a92f217919bd4bb8b7da7981138043a636de26810edba6ddf13ce1,0b4b9cf280db0684e726c2d69e9c94ac80ed76308867e7b2a51e13ec634843bf
4199,1038787.0,,Sale at price 245.89 - 248.73 per share.,,2025-10-16,D,AAPL,ab18b20b77d57a5fcc2cdd938afbe503267018cb21abe1073a4ef15820d423be,e878fb932775145a35d621cbfd18580eac7e08d475df589d8d4709f6effc7826
16457,,,,,2025-10-15,D,AAPL,ab18b20b77d57a5fcc2cdd938afbe503267018cb21abe1073a4ef15820d423be,e878fb932775145a35d621cbfd18580eac7e08d475df589d8d4709f6effc7826
7371,,,,,2025-10-15,D,AAPL,51e3445274a92f217919bd4bb8b7da7981138043a636de26810edba6ddf13ce1,0b4b9cf280db0684e726c2d69e9c94ac80ed76308867e7b2a51e13ec634843bf
43013,11071078.0,,Sale at price 257.36 - 258.08 per share.,,2025-10-02,D,AAPL,5c08e6b26cc2751b7f54c8264d34b4e810511c28884daf4db6331c64d0ea695b,0b4b9cf280db0684e726c2d69e9c94ac80ed76308867e7b2a51e13ec634843bf
47125,12101154.0,,Sale at price 254.83 - 257.54 per share.,,2025-10-02,D,AAPL,2ae56e584c3dffab7b02c7e0ac9e2f0e5fdcb8b42c6ec16217461e797471bad7,ddc6553a3117cff562599196b3f46145f6b65c04853b9af6721ae2a0338e0bff
129963,33375723.0,,Sale at price 254.83 - 257.57 per share.,,2025-10-02,D,AAPL,f0b6b5f7fea589c1cfde9fc41567589390a47df151911bf3a4672e5affd05a8e,c843c232c31426b2ee4ebab8c1146a01d410b1c8f9ba0da36361a1edcc5e5095
92403,,,,,2025-10-01,D,AAPL,5c08e6b26cc2751b7f54c8264d34b4e810511c28884daf4db6331c64d0ea695b,0b4b9cf280db0684e726c2d69e9c94ac80ed76308867e7b2a51e13ec634843bf
92403,,,,,2025-10-01,D,AAPL,387ae9dcdbc92ad8c92141bf5a8de0dc3817a7a6073a4d10d2300af5c5384651,e64a395a2a9f0f4a393887fa30b6de5a7a59e47697419aa64c1c1e5e30cab0b2
92403,,,,,2025-10-01,D,AAPL,2ae56e584c3dffab7b02c7e0ac9e2f0e5fdcb8b42c6ec16217461e797471bad7,ddc6553a3117cff562599196b3f46145f6b65c04853b9af6721ae2a0338e0bff
277206,,,,,2025-10-01,D,AAPL,f0b6b5f7fea589c1cfde9fc41567589390a47df151911bf3a4672e5affd05a8e,c843c232c31426b2ee4ebab8c1146a01d410b1c8f9ba0da36361a1edcc5e5095
90000,20886300.0,,Sale at price 232.07 per share.,,2025-08-28,D,AAPL,95481cce85519ce87bd5786165efbb5d20b17433537f1f3d6dee60ae33f1ab5d,b3c5bb2c6216bd5eebb27844209d649b53dfffa56f1b9bd189f374dcc0056611
435,0.0,,Stock Gift at price 0.00 per share.,,2025-08-25,D,AAPL,51e3445274a92f217919bd4bb8b7da7981138043a636de26810edba6ddf13ce1,0b4b9cf280db0684e726c2d69e9c94ac80ed76308867e7b2a51e13ec634843bf
34821,7772047.0,,Sale at price 223.20 per share.,,2025-08-08,D,AAPL,5c08e6b26cc2751b7f54c8264d34b4e810511c28884daf4db6331c64d0ea695b,0b4b9cf280db0684e726c2d69e9c94ac80ed76308867e7b2a51e13ec634843bf
4486,933955.0,,Sale at price 208.19 per share.,,2025-05-12,D,AAPL,51e3445274a92f217919bd4bb8b7da7981138043a636de26810edba6ddf13ce1,0b4b9cf280db0684e726c2d69e9c94ac80ed76308867e7b2a51e13ec634843bf
4570,941420.0,,Sale at price 206.00 per share.,,2025-04-23,D,AAPL,ab18b20b77d57a5fcc2cdd938afbe503267018cb21abe1073a4ef15820d423be,e878fb932775145a35d621cbfd18580eac7e08d475df589d8d4709f6effc7826
16458,,,,,2025-04-15,D,AAPL,ab18b20b77d57a5fcc2cdd938afbe503267018cb21abe1073a4ef15820d423be,e878fb932775145a35d621cbfd18580eac7e08d475df589d8d4709f6effc7826
7373,,,,,2025-04-15,D,AAPL,51e3445274a92f217919bd4bb8b7da7981138043a636de26810edba6ddf13ce1,0b4b9cf280db0684e726c2d69e9c94ac80ed76308867e7b2a51e13ec634843bf
35493,7950691.0,,Sale at price 223.48 - 225.03 per share.,,2025-04-02,D,AAPL,6dc1f84be8520de32fb70de231b213567683cf8551718b925ee9449314240436,e64a395a2a9f0f4a393887fa30b6de5a7a59e47697419aa64c1c1e5e30cab0b2
38822,8683252.0,,Sale at price 221.68 - 224.62 per share.,,2025-04-02,D,AAPL,2ae56e584c3dffab7b02c7e0ac9e2f0e5fdcb8b42c6ec16217461e797471bad7,ddc6553a3117cff562599196b3f46145f6b65c04853b9af6721ae2a0338e0bff
108136,24184658.0,,Sale at price 221.77 - 224.76 per share.,,2025-04-02,D,AAPL,f0b6b5f7fea589c1cfde9fc41567589390a47df151911bf3a4672e5affd05a8e,c843c232c31426b2ee4ebab8c1146a01d410b1c8f9ba0da36361a1edcc5e5095
74535,,,,,2025-04-01,D,AAPL,5c08e6b26cc2751b7f54c8264d34b4e810511c28884daf4db6331c64d0ea695b,0b4b9cf280db0684e726c2d69e9c94ac80ed76308867e7b2a51e13ec634843bf
74535,,,,,2025-04-01,D,AAPL,6dc1f84be8520de32fb70de231b213567683cf8551718b925ee9449314240436,e64a395a2a9f0f4a393887fa30b6de5a7a59e47697419aa64c1c1e5e30cab0b2
74535,,,,,2025-04-01,D,AAPL,2ae56e584c3dffab7b02c7e0ac9e2f0e5fdcb8b42c6ec16217461e797471bad7,ddc6553a3117cff562599196b3f46145f6b65c04853b9af6721ae2a0338e0bff
218568,,,,,2025-04-01,D,AAPL,f0b6b5f7fea589c1cfde9fc41567589390a47df151911bf3a4672e5affd05a8e,c843c232c31426b2ee4ebab8c1146a01d410b1c8f9ba0da36361a1edcc5e5095
1516,343147.0,,Sale at price 226.35 per share.,,2025-02-03,D,AAPL,95481cce85519ce87bd5786165efbb5d20b17433537f1f3d6dee60ae33f1ab5d,b3c5bb2c6216bd5eebb27844209d649b53dfffa56f1b9bd189f374dcc0056611
1516,,,,,2025-01-31,D,AAPL,aff7229729c2f8b97f85e6b0ec7841f4e135251f5a4d329420d58915db47377e,b3c5bb2c6216bd5eebb27844209d649b53dfffa56f1b9bd189f374dcc0056611
1516,,,,,2025-01-31,D,AAPL,b6cebf86f3ac06537fed62d476c9875dbf1660fedb782dfde575767aa0812b99,b3c5bb2c6216bd5eebb27844209d649b53dfffa56f1b9bd189f374dcc0056611
1516,,,,,2025-01-31,D,AAPL,94c53e97469084010c800f2f24d371da1aead3085d02871c70fd760038c6c0e9,b3c5bb2c6216bd5eebb27844209d649b53dfffa56f1b9bd189f374dcc0056611
1516,,,,,2025-01-31,D,AAPL,95481cce85519ce87bd5786165efbb5d20b17433537f1f3d6dee60ae33f1ab5d,b3c5bb2c6216bd5eebb27844209d649b53dfffa56f1b9bd189f374dcc0056611
1516,,,,,2025-01-31,D,AAPL,e630dbd951c2baa001f019825344ab4ce021383d082587f1a715fb78540239a7,b3c5bb2c6216bd5eebb27844209d649b53dfffa56f1b9bd189f374dcc0056611
1516,,,,,2025-01-31,D,AAPL,18972600f73263c79dc1492e87b8af6c39253f892af3dad4079baceba0c7cf61,b3c5bb2c6216bd5eebb27844209d649b53dfffa56f1b9bd189f374dcc0056611
1516,,,,,2025-01-31,D,AAPL,86bfa7b88ad75f0088cb029d9bca3056943d137fd4408c1979b7fdfb4a4fbd6d,b3c5bb2c6216bd5eebb27844209d649b53dfffa56f1b9bd189f374dcc0056611
100000,24997395.0,,Sale at price 248.61 - 251.10 per share.,,2024-12-16,I,AAPL,6dc1f84be8520de32fb70de231b213567683cf8551718b925ee9449314240436,e64a395a2a9f0f4a393887fa30b6de5a7a59e47697419aa64c1c1e5e30cab0b2
200000,45464500.0,,Sale at price 224.68 - 229.28 per share.,,2024-11-19,D,AAPL,95481cce85519ce87bd5786165efbb5d20b17433537f1f3d6dee60ae33f1ab5d,b3c5bb2c6216bd5eebb27844209d649b53dfffa56f1b9bd189f374dcc0056611
4130,945233.0,,Sale at price 228.87 per share.,,2024-11-18,D,AAPL,51e3445274a92f217919bd4bb8b7da7981138043a636de26810edba6ddf13ce1,0b4b9cf280db0684e726c2d69e9c94ac80ed76308867e7b2a51e13ec634843bf
8000,0.0,,Stock Gift at price 0.00 per share.,,2024-11-05,D,AAPL,2ae56e584c3dffab7b02c7e0ac9e2f0e5fdcb8b42c6ec16217461e797471bad7,ddc6553a3117cff562599196b3f46145f6b65c04853b9af6721ae2a0338e0bff
8115,,,,,2024-10-15,D,AAPL,51e3445274a92f217919bd4bb8b7da7981138043a636de26810edba6ddf13ce1,0b4b9cf280db0684e726c2d69e9c94ac80ed76308867e7b2a51e13ec634843bf
59305,13433769.0,,Sale at price 226.52 per share.,,2024-10-04,D,AAPL,47b94943e9815101d1b4b8ef1bf62b6b2cdbdaf7716ebadec748a6d22f0daf7d,e878fb932775145a35d621cbfd18580eac7e08d475df589d8d4709f6effc7826
61019,13843382.0,,Sale at price 226.72 - 227.13 per share.,,2024-10-02,D,AAPL,5c08e6b26cc2751b7f54c8264d34b4e810511c28884daf4db6331c64d0ea695b,0b4b9cf280db0684e726c2d69e9c94ac80ed76308867e7b2a51e13ec634843bf
59730,13550148.0,,Sale at price 226.80 - 227.22 per share.,,2024-10-02,D,AAPL,6dc1f84be8520de32fb70de231b213567683cf8551718b925ee9449314240436,e64a395a2a9f0f4a393887fa30b6de5a7a59e47697419aa64c1c1e5e30cab0b2
61019,13802297.0,,Sale at price 223.79 - 227.24 per share.,,2024-10-02,D,AAPL,2ae56e584c3dffab7b02c7e0ac9e2f0e5fdcb8b42c6ec16217461e797471bad7,ddc6553a3117cff562599196b3f46145f6b65c04853b9af6721ae2a0338e0bff
223986,50276355.0,,Sale at price 223.75 - 226.57 per share.,,2024-10-02,D,AAPL,f0b6b5f7fea589c1cfde9fc41567589390a47df151911bf3a4672e5affd05a8e,c843c232c31426b2ee4ebab8c1146a01d410b1c8f9ba0da36361a1edcc5e5095
127282,,,,,2024-10-01,D,AAPL,5c08e6b26cc2751b7f54c8264d34b4e810511c28884daf4db6331c64d0ea695b,0b4b9cf280db0684e726c2d69e9c94ac80ed76308867e7b2a51e13ec634843bf
127282,,,,,2024-10-01,D,AAPL,6dc1f84be8520de32fb70de231b213567683cf8551718b925ee9449314240436,e64a395a2a9f0f4a393887fa30b6de5a7a59e47697419aa64c1c1e5e30cab0b2
127282,,,,,2024-10-01,D,AAPL,2ae56e584c3dffab7b02c7e0ac9e2f0e5fdcb8b42c6ec16217461e797471bad7,ddc6553a3117cff562599196b3f46145f6b65c04853b9af6721ae2a0338e0bff
477301,,,,,2024-10-01,D,AAPL,f0b6b5f7fea589c1cfde9fc41567589390a47df151911bf3a4672e5affd05a8e,c843c232c31426b2ee4ebab8c1146a01d410b1c8f9ba0da36361a1edcc5e5095
127282,,,,,2024-10-01,D,AAPL,47b94943e9815101d1b4b8ef1bf62b6b2cdbdaf7716ebadec748a6d22f0daf7d,e878fb932775145a35d621cbfd18580eac7e08d475df589d8d4709f6effc7826
8706,1958850.0,,Sale at price 225.00 per share.,,2024-08-15,D,AAPL,51e3445274a92f217919bd4bb8b7da7981138043a636de26810edba6ddf13ce1,0b4b9cf280db0684e726c2d69e9c94ac80ed76308867e7b2a51e13ec634843bf
5178,1121037.0,,Sale at price 216.50 per share.,,2024-08-09,D,AAPL,51e3445274a92f217919bd4bb8b7da7981138043a636de26810edba6ddf13ce1,0b4b9cf280db0684e726c2d69e9c94ac80ed76308867e7b2a51e13ec634843bf
4500,0.0,,Stock Gift at price 0.00 per share.,,2024-08-07,D,AAPL,2ae56e584c3dffab7b02c7e0ac9e2f0e5fdcb8b42c6ec16217461e797471bad7,ddc6553a3117cff562599196b3f46145f6b65c04853b9af6721ae2a0338e0bff
100000,20643512.0,,Sale at price 206.42 - 207.05 per share.,,2024-08-05,D,AAPL,2ae56e584c3dffab7b02c7e0ac9e2f0e5fdcb8b42c6ec16217461e797471bad7,ddc6553a3117cff562599196b3f46145f6b65c04853b9af6721ae2a0338e0bff
75000,14368500.0,,Sale at price 191.58 per share.,,2024-05-30,D,AAPL,95481cce85519ce87bd5786165efbb5d20b17433537f1f3d6dee60ae33f1ab5d,b3c5bb2c6216bd5eebb27844209d649b53dfffa56f1b9bd189f374dcc0056611
4999,951785.0,,Sale at price 190.40 per share.,,2024-05-15,D,AAPL,51e3445274a92f217919bd4bb8b7da7981138043a636de26810edba6ddf13ce1,0b4b9cf280db0684e726c2d69e9c94ac80ed76308867e7b2a51e13ec634843bf
1850,0.0,,Stock Gift at price 0.00 per share.,,2024-05-10,D,AAPL,2ae56e584c3dffab7b02c7e0ac9e2f0e5fdcb8b42c6ec16217461e797471bad7,ddc6553a3117cff562599196b3f46145f6b65c04853b9af6721ae2a0338e0bff
8119,,,,,2024-04-15,D,AAPL,51e3445274a92f217919bd4bb8b7da7981138043a636de26810edba6ddf13ce1,0b4b9cf280db0684e726c2d69e9c94ac80ed76308867e7b2a51e13ec634843bf
59162,10188880.0,,Sale at price 172.22 per share.,,2024-04-11,I,AAPL,6dc1f84be8520de32fb70de231b213567683cf8551718b925ee9449314240436,e64a395a2a9f0f4a393887fa30b6de5a7a59e47697419aa64c1c1e5e30cab0b2
53194,9261933.0,,Sale at price 173.19 - 175.02 per share.,,2024-04-11,D,AAPL,47b94943e9815101d1b4b8ef1bf62b6b2cdbdaf7716ebadec748a6d22f0daf7d,e878fb932775145a35d621cbfd18580eac7e08d475df589d8d4709f6effc7826
54732,9244782.0,,Sale at price 168.91 per share.,,2024-04-02,D,AAPL,5c08e6b26cc2751b7f54c8264d34b4e810511c28884daf4db6331c64d0ea695b,0b4b9cf280db0684e726c2d69e9c94ac80ed76308867e7b2a51e13ec634843bf
54732,9244235.0,,Sale at price 168.90 per share.,,2024-04-02,D,AAPL,2ae56e584c3dffab7b02c7e0ac9e2f0e5fdcb8b42c6ec16217461e797471bad7,ddc6553a3117cff562599196b3f46145f6b65c04853b9af6721ae2a0338e0bff
196410,33258614.0,,Sale at price 168.62 - 170.03 per share.,,2024-04-02,D,AAPL,f0b6b5f7fea589c1cfde9fc41567589390a47df151911bf3a4672e5affd05a8e,c843c232c31426b2ee4ebab8c1146a01d410b1c8f9ba0da36361a1edcc5e5095
113309,,,,,2024-04-01,D,AAPL,5c08e6b26cc2751b7f54c8264d34b4e810511c28884daf4db6331c64d0ea695b,0b4b9cf280db0684e726c2d69e9c94ac80ed76308867e7b2a51e13ec634843bf
113309,,,,,2024-04-01,I,AAPL,6dc1f84be8520de32fb70de231b213567683cf8551718b925ee9449314240436,e64a395a2a9f0f4a393887fa30b6de5a7a59e47697419aa64c1c1e5e30cab0b2
113309,,,,,2024-04-01,D,AAPL,2ae56e584c3dffab7b02c7e0ac9e2f0e5fdcb8b42c6ec16217461e797471bad7,ddc6553a3117cff562599196b3f46145f6b65c04853b9af6721ae2a0338e0bff
196410,,,,,2024-04-01,D,AAPL,f0b6b5f7fea589c1cfde9fc41567589390a47df151911bf3a4672e5affd05a8e,c843c232c31426b2ee4ebab8c1146a01d410b1c8f9ba0da36361a1edcc5e5095
113309,,,,,2024-04-01,D,AAPL,47b94943e9815101d1b4b8ef1bf62b6b2cdbdaf7716ebadec748a6d22f0daf7d,e878fb932775145a35d621cbfd18580eac7e08d475df589d8d4709f6effc7826
2264,899077.0,,Sale at price 397.03 per share.,,2026-03-06,D,TSLA,82769c51269ee99de41c9b4a6804942a3a9a5cf4061491bb76483649c3f69497,e878fb932775145a35d621cbfd18580eac7e08d475df589d8d4709f6effc7826
6538,,,,,2026-03-05,D,TSLA,82769c51269ee99de41c9b4a6804942a3a9a5cf4061491bb76483649c3f69497,e878fb932775145a35d621cbfd18580eac7e08d475df589d8d4709f6effc7826
40000,599600.0,,Conversion of Exercise of derivative security at price 14.99 per share.,,2026-02-25,D,TSLA,4d8920f594d4f086b1deb005b54181383f8de06726bbc16091222e853bb0ab35,b3c5bb2c6216bd5eebb27844209d649b53dfffa56f1b9bd189f374dcc0056611
25731,10692814.0,,Sale at price 412.46 - 418.89 per share.,,2026-02-25,D,TSLA,4d8920f594d4f086b1deb005b54181383f8de06726bbc16091222e853bb0ab35,b3c5bb2c6216bd5eebb27844209d649b53dfffa56f1b9bd189f374dcc0056611
60000,26723781.0,,Sale at price 435.86 - 457.88 per share.,,2026-01-02,I,TSLA,2000dc0b5a3bfde7063ee29ddcf2e59feb186f7713013f102194c972ae0df753,b3c5bb2c6216bd5eebb27844209d649b53dfffa56f1b9bd189f374dcc0056611
210699,0.0,,Stock Gift at price 0.00 per share.,,2025-12-30,I,TSLA,a71d8f22e96c76dda7c2fb90fddd523fc3d6a56585e44a48de9baa1abecc7162,c843c232c31426b2ee4ebab8c1146a01d410b1c8f9ba0da36361a1edcc5e5095
15242,0.0,,Stock Gift at price 0.00 per share.,,2025-12-09,D,TSLA,4f0cd4c7e7b3b00943ac88b1365059f2e50871c417e6f3b06924d9afd7746ef9,b3c5bb2c6216bd5eebb27844209d649b53dfffa56f1b9bd189f374dcc0056611
56820,25606501.0,,Sale at price 450.66 per share.,,2025-12-09,D,TSLA,4f0cd4c7e7b3b00943ac88b1365059f2e50871c417e6f3b06924d9afd7746ef9,b3c5bb2c6216bd5eebb27844209d649b53dfffa56f1b9bd189f374dcc0056611
2637,1170635.0,,Sale at price 443.93 per share.,,2025-12-08,D,TSLA,82769c51269ee99de41c9b4a6804942a3a9a5cf4061491bb76483649c3f69497,e878fb932775145a35d621cbfd18580eac7e08d475df589d8d4709f6effc7826
6538,,,,,2025-12-05,D,TSLA,82769c51269ee99de41c9b4a6804942a3a9a5cf4061491bb76483649c3f69497,e878fb932775145a35d621cbfd18580eac7e08d475df589d8d4709f6effc7826
14785,0.0,,Stock Gift at price 0.00 per share.,,2025-11-10,D,TSLA,4f0cd4c7e7b3b00943ac88b1365059f2e50871c417e6f3b06924d9afd7746ef9,b3c5bb2c6216bd5eebb27844209d649b53dfffa56f1b9bd189f374dcc0056611
60000,25360800.0,,Sale at price 422.68 per share.,,2025-09-15,I,TSLA,2000dc0b5a3bfde7063ee29ddcf2e59feb186f7713013f102194c972ae0df753,b3c5bb2c6216bd5eebb27844209d649b53dfffa56f1b9bd189f374dcc0056611
2568732,999959042.0,,Purchase at price 371.90 - 396.36 per share.,,2025-09-12,I,TSLA,a71d8f22e96c76dda7c2fb90fddd523fc3d6a56585e44a48de9baa1abecc7162,c843c232c31426b2ee4ebab8c1146a01d410b1c8f9ba0da36361a1edcc5e5095
20000,7275100.0,,Sale at price 363.76 per share.,,2025-09-11,I,TSLA,56e0b308569573825d786ecc97d6c4d85f6f6dd6337ae5b48f744a6a904eee25,0b4b9cf280db0684e726c2d69e9c94ac80ed76308867e7b2a51e13ec634843bf
2605,918137.0,,Sale at price 352.38 per share.,,2025-09-08,D,TSLA,82769c51269ee99de41c9b4a6804942a3a9a5cf4061491bb76483649c3f69497,e878fb932775145a35d621cbfd18580eac7e08d475df589d8d4709f6effc7826
6538,,,,,2025-09-05,D,TSLA,82769c51269ee99de41c9b4a6804942a3a9a5cf4061491bb76483649c3f69497,e878fb932775145a35d621cbfd18580eac7e08d475df589d8d4709f6effc7826
120000,42034320.0,,Sale at price 350.29 per share.,,2025-08-26,I,TSLA,2000dc0b5a3bfde7063ee29ddcf2e59feb186f7713013f102194c972ae0df753,b3c5bb2c6216bd5eebb27844209d649b53dfffa56f1b9bd189f374dcc0056611
90000,1572300.0,,Conversion of Exercise of derivative security at price 17.47 per share.,,2025-07-11,D,TSLA,2000dc0b5a3bfde7063ee29ddcf2e59feb186f7713013f102194c972ae0df753,b3c5bb2c6216bd5eebb27844209d649b53dfffa56f1b9bd189f374dcc0056611
6000,109320.0,,Conversion of Exercise of derivative security at price 18.22 per share.,,2025-07-08,D,TSLA,82769c51269ee99de41c9b4a6804942a3a9a5cf4061491bb76483649c3f69497,e878fb932775145a35d621cbfd18580eac7e08d475df589d8d4709f6effc7826
6000,1771545.0,,Sale at price 289.95 - 300.00 per share.,,2025-07-08,D,TSLA,82769c51269ee99de41c9b4a6804942a3a9a5cf4061491bb76483649c3f69497,e878fb932775145a35d621cbfd18580eac7e08d475df589d8d4709f6effc7826
15000,308550.0,,Conversion of Exercise of derivative security at price 20.57 per share.,,2025-06-12,D,TSLA,56e0b308569573825d786ecc97d6c4d85f6f6dd6337ae5b48f744a6a904eee25,0b4b9cf280db0684e726c2d69e9c94ac80ed76308867e7b2a51e13ec634843bf
15000,4857105.0,,Sale at price 323.81 per share.,,2025-06-12,D,TSLA,56e0b308569573825d786ecc97d6c4d85f6f6dd6337ae5b48f744a6a904eee25,0b4b9cf280db0684e726c2d69e9c94ac80ed76308867e7b2a51e13ec634843bf
2564,732573.0,,Sale at price 285.72 per share.,,2025-06-09,D,TSLA,82769c51269ee99de41c9b4a6804942a3a9a5cf4061491bb76483649c3f69497,e878fb932775145a35d621cbfd18580eac7e08d475df589d8d4709f6effc7826
6538,,,,,2025-06-05,D,TSLA,82769c51269ee99de41c9b4a6804942a3a9a5cf4061491bb76483649c3f69497,e878fb932775145a35d621cbfd18580eac7e08d475df589d8d4709f6effc7826
7000,127540.0,,Conversion of Exercise of derivative security at price 18.22 per share.,,2025-06-03,D,TSLA,82769c51269ee99de41c9b4a6804942a3a9a5cf4061491bb76483649c3f69497,e878fb932775145a35d621cbfd18580eac7e08d475df589d8d4709f6effc7826
7000,2396092.0,,Sale at price 333.77 - 350.00 per share.,,2025-06-03,D,TSLA,82769c51269ee99de41c9b4a6804942a3a9a5cf4061491bb76483649c3f69497,e878fb932775145a35d621cbfd18580eac7e08d475df589d8d4709f6effc7826
761961,18170096.0,,Conversion of Exercise of derivative security at price 22.86 - 24.73 per share.,,2025-05-27,D,TSLA,6571ba4708744a9527d56ed7bf6c88c507cffbad4d232ac8648945384f1ff1fe,b3c5bb2c6216bd5eebb27844209d649b53dfffa56f1b9bd189f374dcc0056611
91588,2264971.0,,Conversion of Exercise of derivative security at price 24.73 per share.,,2025-05-27,D,TSLA,4f0cd4c7e7b3b00943ac88b1365059f2e50871c417e6f3b06924d9afd7746ef9,b3c5bb2c6216bd5eebb27844209d649b53dfffa56f1b9bd189f374dcc0056611
91588,32732230.0,,Sale at price 347.88 - 363.11 per share.,,2025-05-27,D,TSLA,4f0cd4c7e7b3b00943ac88b1365059f2e50871c417e6f3b06924d9afd7746ef9,b3c5bb2c6216bd5eebb27844209d649b53dfffa56f1b9bd189f374dcc0056611
477572,170636358.0,,Sale at price 347.61 - 363.24 per share.,,2025-05-27,D,TSLA,6571ba4708744a9527d56ed7bf6c88c507cffbad4d232ac8648945384f1ff1fe,b3c5bb2c6216bd5eebb27844209d649b53dfffa56f1b9bd189f374dcc0056611
3000,54660.0,,Conversion of Exercise of derivative security at price 18.22 per share.,,2025-05-16,D,TSLA,82769c51269ee99de41c9b4a6804942a3a9a5cf4061491bb76483649c3f69497,e878fb932775145a35d621cbfd18580eac7e08d475df589d8d4709f6effc7826
3000,1050336.0,,Sale at price 350.11 per share.,,2025-05-16,D,TSLA,82769c51269ee99de41c9b4a6804942a3a9a5cf4061491bb76483649c3f69497,e878fb932775145a35d621cbfd18580eac7e08d475df589d8d4709f6effc7826
4000,72880.0,,Conversion of Exercise of derivative security at price 18.22 per share.,,2025-05-09,D,TSLA,82769c51269ee99de41c9b4a6804942a3a9a5cf4061491bb76483649c3f69497,e878fb932775145a35d621cbfd18580eac7e08d475df589d8d4709f6effc7826
4000,1200000.0,,Sale at price 300.00 per share.,,2025-05-09,D,TSLA,82769c51269ee99de41c9b4a6804942a3a9a5cf4061491bb76483649c3f69497,e878fb932775145a35d621cbfd18580eac7e08d475df589d8d4709f6effc7826
112395,2779528.0,,Conversion of Exercise of derivative security at price 24.73 per share.,,2025-05-06,D,TSLA,118c714feefb981a6c15a4e71052ee30c3f990998b71864c12acf3ca60d49cd0,b3c5bb2c6216bd5eebb27844209d649b53dfffa56f1b9bd189f374dcc0056611
112395,30809625.0,,Sale at price 272.27 - 277.14 per share.,,2025-05-06,D,TSLA,118c714feefb981a6c15a4e71052ee30c3f990998b71864c12acf3ca60d49cd0,b3c5bb2c6216bd5eebb27844209d649b53dfffa56f1b9bd189f374dcc0056611
4000,72880.0,,Conversion of Exercise of derivative security at price 18.22 per share.,,2025-05-01,D,TSLA,82769c51269ee99de41c9b4a6804942a3a9a5cf4061491bb76483649c3f69497,e878fb932775145a35d621cbfd18580eac7e08d475df589d8d4709f6effc7826
4000,1137599.0,,Sale at price 280.30 - 289.48 per share.,,2025-05-01,D,TSLA,82769c51269ee99de41c9b4a6804942a3a9a5cf4061491bb76483649c3f69497,e878fb932775145a35d621cbfd18580eac7e08d475df589d8d4709f6effc7826
112390,2779405.0,,Conversion of Exercise of derivative security at price 24.73 per share.,,2025-04-29,D,TSLA,118c714feefb981a6c15a4e71052ee30c3f990998b71864c12acf3ca60d49cd0,b3c5bb2c6216bd5eebb27844209d649b53dfffa56f1b9bd189f374dcc0056611
112390,32096717.0,,Sale at price 280.61 - 288.61 per share.,,2025-04-29,D,TSLA,118c714feefb981a6c15a4e71052ee30c3f990998b71864c12acf3ca60d49cd0,b3c5bb2c6216bd5eebb27844209d649b53dfffa56f1b9bd189f374dcc0056611
4000,1025232.0,,Purchase at price 256.31 per share.,,2025-04-24,I,TSLA,6307390f378f694ea8dfa8ec800d17c283e5de42a2326f12ad7ade34a9ecbc60,b3c5bb2c6216bd5eebb27844209d649b53dfffa56f1b9bd189f374dcc0056611
4000,72880.0,,Conversion of Exercise of derivative security at price 18.22 per share.,,2025-04-07,D,TSLA,82769c51269ee99de41c9b4a6804942a3a9a5cf4061491bb76483649c3f69497,e878fb932775145a35d621cbfd18580eac7e08d475df589d8d4709f6effc7826
4000,1000000.0,,Sale at price 250.00 per share.,,2025-04-07,D,TSLA,82769c51269ee99de41c9b4a6804942a3a9a5cf4061491bb76483649c3f69497,e878fb932775145a35d621cbfd18580eac7e08d475df589d8d4709f6effc7826
531787,12992693.0,,Conversion of Exercise of derivative security at price 23.85 - 24.73 per share.,,2025-03-10,D,TSLA,2000dc0b5a3bfde7063ee29ddcf2e59feb186f7713013f102194c972ae0df753,b3c5bb2c6216bd5eebb27844209d649b53dfffa56f1b9bd189f374dcc0056611
54776,13189403.0,,Sale at price 240.79 per share.,,2025-03-10,D,TSLA,2000dc0b5a3bfde7063ee29ddcf2e59feb186f7713013f102194c972ae0df753,b3c5bb2c6216bd5eebb27844209d649b53dfffa56f1b9bd189f374dcc0056611
2672,718111.0,,Sale at price 268.73 per share.,,2025-03-06,D,TSLA,82769c51269ee99de41c9b4a6804942a3a9a5cf4061491bb76483649c3f69497,e878fb932775145a35d621cbfd18580eac7e08d475df589d8d4709f6effc7826
6538,,,,,2025-03-05,D,TSLA,82769c51269ee99de41c9b4a6804942a3a9a5cf4061491bb76483649c3f69497,e878fb932775145a35d621cbfd18580eac7e08d475df589d8d4709f6effc7826
6000,109320.0,,Conversion of Exercise of derivative security at price 18.22 per share.,,2025-03-03,D,TSLA,82769c51269ee99de41c9b4a6804942a3a9a5cf4061491bb76483649c3f69497,e878fb932775145a35d621cbfd18580eac7e08d475df589d8d4709f6effc7826
112390,2779405.0,,Conversion of Exercise of derivative security at price 24.73 per share.,,2025-03-03,D,TSLA,118c714feefb981a6c15a4e71052ee30c3f990998b71864c12acf3ca60d49cd0,b3c5bb2c6216bd5eebb27844209d649b53dfffa56f1b9bd189f374dcc0056611
112390,33672976.0,,Sale at price 292.75 - 303.59 per share.,,2025-03-03,D,TSLA,118c714feefb981a6c15a4e71052ee30c3f990998b71864c12acf3ca60d49cd0,b3c5bb2c6216bd5eebb27844209d649b53dfffa56f1b9bd189f374dcc0056611
6000,1776112.0,,Sale at price 279.53 - 301.73 per share.,,2025-03-03,D,TSLA,82769c51269ee99de41c9b4a6804942a3a9a5cf4061491bb76483649c3f69497,e878fb932775145a35d621cbfd18580eac7e08d475df589d8d4709f6effc7826
75000,27590619.0,,Sale at price 367.87 - 368.43 per share.,,2025-02-06,D,TSLA,4f0cd4c7e7b3b00943ac88b1365059f2e50871c417e6f3b06924d9afd7746ef9,b3c5bb2c6216bd5eebb27844209d649b53dfffa56f1b9bd189f374dcc0056611
7000,127540.0,,Conversion of Exercise of derivative security at price 18.22 per share.,,2025-02-03,D,TSLA,82769c51269ee99de41c9b4a6804942a3a9a5cf4061491bb76483649c3f69497,e878fb932775145a35d621cbfd18580eac7e08d475df589d8d4709f6effc7826
112390,2779405.0,,Conversion of Exercise of derivative security at price 24.73 per share.,,2025-02-03,D,TSLA,118c714feefb981a6c15a4e71052ee30c3f990998b71864c12acf3ca60d49cd0,b3c5bb2c6216bd5eebb27844209d649b53dfffa56f1b9bd189f374dcc0056611
112390,43162564.0,,Sale at price 375.06 - 389.08 per share.,,2025-02-03,D,TSLA,118c714feefb981a6c15a4e71052ee30c3f990998b71864c12acf3ca60d49cd0,b3c5bb2c6216bd5eebb27844209d649b53dfffa56f1b9bd189f374dcc0056611
7000,2681789.0,,Sale at price 375.05 - 387.76 per share.,,2025-02-03,D,TSLA,82769c51269ee99de41c9b4a6804942a3a9a5cf4061491bb76483649c3f69497,e878fb932775145a35d621cbfd18580eac7e08d475df589d8d4709f6effc7826
7000,127540.0,,Conversion of Exercise of derivative security at price 18.22 per share.,,2025-01-06,D,TSLA,82769c51269ee99de41c9b4a6804942a3a9a5cf4061491bb76483649c3f69497,e878fb932775145a35d621cbfd18580eac7e08d475df589d8d4709f6effc7826
100000,1499000.0,,Conversion of Exercise of derivative security at price 14.99 per share.,,2025-01-06,D,TSLA,4d8920f594d4f086b1deb005b54181383f8de06726bbc16091222e853bb0ab35,b3c5bb2c6216bd5eebb27844209d649b53dfffa56f1b9bd189f374dcc0056611
7000,2894918.0,,Sale at price 402.85 - 423.14 per share.,,2025-01-06,D,TSLA,82769c51269ee99de41c9b4a6804942a3a9a5cf4061491bb76483649c3f69497,e878fb932775145a35d621cbfd18580eac7e08d475df589d8d4709f6effc7826
100000,41162799.0,,Sale at price 402.84 - 426.14 per share.,,2025-01-06,D,TSLA,4d8920f594d4f086b1deb005b54181383f8de06726bbc16091222e853bb0ab35,b3c5bb2c6216bd5eebb27844209d649b53dfffa56f1b9bd189f374dcc0056611
268000,0.0,,Stock Gift at price 0.00 per share.,,2024-12-30,I,TSLA,a71d8f22e96c76dda7c2fb90fddd523fc3d6a56585e44a48de9baa1abecc7162,c843c232c31426b2ee4ebab8c1146a01d410b1c8f9ba0da36361a1edcc5e5095
25000,0.0,,Stock Gift at price 0.00 per share.,,2024-12-11,D,TSLA,4f0cd4c7e7b3b00943ac88b1365059f2e50871c417e6f3b06924d9afd7746ef9,b3c5bb2c6216bd5eebb27844209d649b53dfffa56f1b9bd189f374dcc0056611
2605,975015.0,,Sale at price 374.21 per share.,,2024-12-06,D,TSLA,82769c51269ee99de41c9b4a6804942a3a9a5cf4061491bb76483649c3f69497,e878fb932775145a35d621cbfd18580eac7e08d475df589d8d4709f6effc7826
6538,,,,,2024-12-05,D,TSLA,82769c51269ee99de41c9b4a6804942a3a9a5cf4061491bb76483649c3f69497,e878fb932775145a35d621cbfd18580eac7e08d475df589d8d4709f6effc7826
100000,1499000.0,,Conversion of Exercise of derivative security at price 14.99 per share.,,2024-12-04,D,TSLA,4d8920f594d4f086b1deb005b54181383f8de06726bbc16091222e853bb0ab35,b3c5bb2c6216bd5eebb27844209d649b53dfffa56f1b9bd189f374dcc0056611
100000,35253875.0,,Sale at price 349.20 - 357.93 per share.,,2024-12-04,D,TSLA,4d8920f594d4f086b1deb005b54181383f8de06726bbc16091222e853bb0ab35,b3c5bb2c6216bd5eebb27844209d649b53dfffa56f1b9bd189f374dcc0056611
7000,127540.0,,Conversion of Exercise of derivative security at price 18.22 per share.,,2024-12-02,D,TSLA,82769c51269ee99de41c9b4a6804942a3a9a5cf4061491bb76483649c3f69497,e878fb932775145a35d621cbfd18580eac7e08d475df589d8d4709f6effc7826
112390,2779405.0,,Conversion of Exercise of derivative security at price 24.73 per share.,,2024-12-02,D,TSLA,118c714feefb981a6c15a4e71052ee30c3f990998b71864c12acf3ca60d49cd0,b3c5bb2c6216bd5eebb27844209d649b53dfffa56f1b9bd189f374dcc0056611
112390,39793301.0,,Sale at price 352.74 - 358.64 per share.,,2024-12-02,D,TSLA,118c714feefb981a6c15a4e71052ee30c3f990998b71864c12acf3ca60d49cd0,b3c5bb2c6216bd5eebb27844209d649b53dfffa56f1b9bd189f374dcc0056611
7000,2481039.0,,Sale at price 352.70 - 359.94 per share.,,2024-12-02,D,TSLA,82769c51269ee99de41c9b4a6804942a3a9a5cf4061491bb76483649c3f69497,e878fb932775145a35d621cbfd18580eac7e08d475df589d8d4709f6effc7826
112390,2779405.0,,Conversion of Exercise of derivative security at price 24.73 per share.,,2024-11-15,D,TSLA,118c714feefb981a6c15a4e71052ee30c3f990998b71864c12acf3ca60d49cd0,b3c5bb2c6216bd5eebb27844209d649b53dfffa56f1b9bd189f374dcc0056611
112390,35339810.0,,Sale at price 310.05 - 320.00 per share.,,2024-11-15,D,TSLA,118c714feefb981a6c15a4e71052ee30c3f990998b71864c12acf3ca60d49cd0,b3c5bb2c6216bd5eebb27844209d649b53dfffa56f1b9bd189f374dcc0056611
12000,218640.0,,Conversion of Exercise of derivative security at price 18.22 per share.,,2024-11-11,D,TSLA,82769c51269ee99de41c9b4a6804942a3a9a5cf4061491bb76483649c3f69497,e878fb932775145a35d621cbfd18580eac7e08d475df589d8d4709f6effc7826
100000,1504664.0,,Conversion of Exercise of derivative security at price 14.99 - 16.10 per share.,,2024-11-11,D,TSLA,4d8920f594d4f086b1deb005b54181383f8de06726bbc16091222e853bb0ab35,b3c5bb2c6216bd5eebb27844209d649b53dfffa56f1b9bd189f374dcc0056611
12000,3802956.0,,Sale at price 300.00 - 350.00 per share.,,2024-11-11,D,TSLA,82769c51269ee99de41c9b4a6804942a3a9a5cf4061491bb76483649c3f69497,e878fb932775145a35d621cbfd18580eac7e08d475df589d8d4709f6effc7826
100000,34602454.0,,Sale at price 336.95 - 358.35 per share.,,2024-11-11,D,TSLA,4d8920f594d4f086b1deb005b54181383f8de06726bbc16091222e853bb0ab35,b3c5bb2c6216bd5eebb27844209d649b53dfffa56f1b9bd189f374dcc0056611
4000,72880.0,,Conversion of Exercise of derivative security at price 18.22 per share.,,2024-11-01,D,TSLA,82769c51269ee99de41c9b4a6804942a3a9a5cf4061491bb76483649c3f69497,e878fb932775145a35d621cbfd18580eac7e08d475df589d8d4709f6effc7826
15000,370950.0,,Conversion of Exercise of derivative security at price 24.73 per share.,,2024-11-01,D,TSLA,4f0cd4c7e7b3b00943ac88b1365059f2e50871c417e6f3b06924d9afd7746ef9,b3c5bb2c6216bd5eebb27844209d649b53dfffa56f1b9bd189f374dcc0056611
4000,1007040.0,,Sale at price 251.76 per share.,,2024-11-01,D,TSLA,82769c51269ee99de41c9b4a6804942a3a9a5cf4061491bb76483649c3f69497,e878fb932775145a35d621cbfd18580eac7e08d475df589d8d4709f6effc7826
60500,15138945.0,,Sale at price 247.32 - 253.78 per share.,,2024-11-01,D,TSLA,4f0cd4c7e7b3b00943ac88b1365059f2e50871c417e6f3b06924d9afd7746ef9,b3c5bb2c6216bd5eebb27844209d649b53dfffa56f1b9bd189f374dcc0056611
4000,72880.0,,Conversion of Exercise of derivative security at price 18.22 per share.,,2024-10-24,D,TSLA,82769c51269ee99de41c9b4a6804942a3a9a5cf4061491bb76483649c3f69497,e878fb932775145a35d621cbfd18580eac7e08d475df589d8d4709f6effc7826
4000,1000000.0,,Sale at price 250.00 per share.,,2024-10-24,D,TSLA,82769c51269ee99de41c9b4a6804942a3a9a5cf4061491bb76483649c3f69497,e878fb932775145a35d621cbfd18580eac7e08d475df589d8d4709f6effc7826
8000,145760.0,,Conversion of Exercise of derivative security at price 18.22 per share.,,2024-09-23,D,TSLA,82769c51269ee99de41c9b4a6804942a3a9a5cf4061491bb76483649c3f69497,e878fb932775145a35d621cbfd18580eac7e08d475df589d8d4709f6effc7826
8000,2000000.0,,Sale at price 250.00 per share.,,2024-09-23,D,TSLA,82769c51269ee99de41c9b4a6804942a3a9a5cf4061491bb76483649c3f69497,e878fb932775145a35d621cbfd18580eac7e08d475df589d8d4709f6effc7826
297,65867.0,,Sale at price 221.77 per share.,,2024-09-06,D,TSLA,56e0b308569573825d786ecc97d6c4d85f6f6dd6337ae5b48f744a6a904eee25,0b4b9cf280db0684e726c2d69e9c94ac80ed76308867e7b2a51e13ec634843bf
2633,,,,,2024-09-05,D,TSLA,56e0b308569573825d786ecc97d6c4d85f6f6dd6337ae5b48f744a6a904eee25,0b4b9cf280db0684e726c2d69e9c94ac80ed76308867e7b2a51e13ec634843bf
136364,3159554.0,,Conversion of Exercise of derivative security at price 23.17 per share.,,2024-07-25,D,TSLA,118c714feefb981a6c15a4e71052ee30c3f990998b71864c12acf3ca60d49cd0,b3c5bb2c6216bd5eebb27844209d649b53dfffa56f1b9bd189f374dcc0056611
66364,14597629.0,,Sale at price 216.72 - 223.47 per share.,,2024-07-25,D,TSLA,118c714feefb981a6c15a4e71052ee30c3f990998b71864c12acf3ca60d49cd0,b3c5bb2c6216bd5eebb27844209d649b53dfffa56f1b9bd189f374dcc0056611
649,113151.0,,Sale at price 174.21 per share.,,2024-06-06,D,TSLA,56e0b308569573825d786ecc97d6c4d85f6f6dd6337ae5b48f744a6a904eee25,0b4b9cf280db0684e726c2d69e9c94ac80ed76308867e7b2a51e13ec634843bf
2633,,,,,2024-06-05,D,TSLA,56e0b308569573825d786ecc97d6c4d85f6f6dd6337ae5b48f744a6a904eee25,0b4b9cf280db0684e726c2d69e9c94ac80ed76308867e7b2a51e13ec634843bf
250020,5327926.0,,Conversion of Exercise of derivative security at price 21.31 per share.,,2024-06-03,D,TSLA,2000dc0b5a3bfde7063ee29ddcf2e59feb186f7713013f102194c972ae0df753,b3c5bb2c6216bd5eebb27844209d649b53dfffa56f1b9bd189f374dcc0056611
93705,2171145.0,,Conversion of Exercise of derivative security at price 23.17 per share.,,2024-05-06,D,TSLA,118c714feefb981a6c15a4e71052ee30c3f990998b71864c12acf3ca60d49cd0,b3c5bb2c6216bd5eebb27844209d649b53dfffa56f1b9bd189f374dcc0056611
93705,17322282.0,,Sale at price 184.00 - 187.06 per share.,,2024-05-06,D,TSLA,118c714feefb981a6c15a4e71052ee30c3f990998b71864c12acf3ca60d49cd0,b3c5bb2c6216bd5eebb27844209d649b53dfffa56f1b9bd189f374dcc0056611
10500,180810.0,,Conversion of Exercise of derivative security at price 17.22 per share.,,2024-04-01,D,TSLA,6b80a78117712a91e471dcad1367131215266888c12d30a51b7c8fe83fe53d56,0b4b9cf280db0684e726c2d69e9c94ac80ed76308867e7b2a51e13ec634843bf
10500,1850100.0,,Sale at price 176.20 per share.,,2024-04-01,D,TSLA,6b80a78117712a91e471dcad1367131215266888c12d30a51b7c8fe83fe53d56,0b4b9cf280db0684e726c2d69e9c94ac80ed76308867e7b2a51e13ec634843bf
12320,5045643.0,,Sale at price 409.52 per share.,,2026-03-06,D,MSFT,6bcf20d309b2aefe295efc4e90f3436ebe8b22b3d87916af33114a9275ba01c3,0b4b9cf280db0684e726c2d69e9c94ac80ed76308867e7b2a51e13ec634843bf
5000,1986750.0,,Purchase at price 397.35 per share.,,2026-02-18,D,MSFT,705bda8969c42c0bf84837e6d7c16833489efabf0301b616e64a19e936ab432c,b3c5bb2c6216bd5eebb27844209d649b53dfffa56f1b9bd189f374dcc0056611
145,0.0,,Stock Award(Grant) at price 0.00 per share.,,2026-01-30,D,MSFT,705bda8969c42c0bf84837e6d7c16833489efabf0301b616e64a19e936ab432c,b3c5bb2c6216bd5eebb27844209d649b53dfffa56f1b9bd189f374dcc0056611
145,0.0,,Stock Award(Grant) at price 0.00 per share.,,2026-01-30,D,MSFT,0188f7c28ab9397f4f680bd2e8844c29a7729e50b62ada624f950702d09b3746,b3c5bb2c6216bd5eebb27844209d649b53dfffa56f1b9bd189f374dcc0056611
145,0.0,,Stock Award(Grant) at price 0.00 per share.,,2026-01-30,D,MSFT,d384d24bbb3b55791368b5559d5a2844782b71a178f0564df9ff484550d5f670,b3c5bb2c6216bd5eebb27844209d649b53dfffa56f1b9bd189f374dcc0056611
145,0.0,,Stock Award(Grant) at price 0.00 per share.,,2026-01-30,D,MSFT,c1e6cc618c85f7f944eabfbbb61df98ee673c1f075c0bc831718d8bd4677f842,b3c5bb2c6216bd5eebb27844209d649b53dfffa56f1b9bd189f374dcc0056611
150,0.0,,Stock Gift at price 0.00 per share.,,2025-12-10,D,MSFT,6bcf20d309b2aefe295efc4e90f3436ebe8b22b3d87916af33114a9275ba01c3,0b4b9cf280db0684e726c2d69e9c94ac80ed76308867e7b2a51e13ec634843bf
2850,1364352.0,,Sale at price 478.72 per share.,,2025-12-04,D,MSFT,3d315f45c25a7acdfc04fdb1b04ab7e0beb16a2676d9461419f6554be742e037,0b4b9cf280db0684e726c2d69e9c94ac80ed76308867e7b2a51e13ec634843bf
130,0.0,,Stock Award(Grant) at price 0.00 per share.,,2025-12-04,D,MSFT,705bda8969c42c0bf84837e6d7c16833489efabf0301b616e64a19e936ab432c,b3c5bb2c6216bd5eebb27844209d649b53dfffa56f1b9bd189f374dcc0056611
130,0.0,,Stock Award(Grant) at price 0.00 per share.,,2025-12-04,D,MSFT,0188f7c28ab9397f4f680bd2e8844c29a7729e50b62ada624f950702d09b3746,b3c5bb2c6216bd5eebb27844209d649b53dfffa56f1b9bd189f374dcc0056611
130,0.0,,Stock Award(Grant) at price 0.00 per share.,,2025-12-04,D,MSFT,d384d24bbb3b55791368b5559d5a2844782b71a178f0564df9ff484550d5f670,b3c5bb2c6216bd5eebb27844209d649b53dfffa56f1b9bd189f374dcc0056611
130,0.0,,Stock Award(Grant) at price 0.00 per share.,,2025-12-04,D,MSFT,c1e6cc618c85f7f944eabfbbb61df98ee673c1f075c0bc831718d8bd4677f842,b3c5bb2c6216bd5eebb27844209d649b53dfffa56f1b9bd189f374dcc0056611
12750,6266829.0,,Sale at price 491.52 per share.,,2025-12-02,D,MSFT,7594d95c516734843949de840af7f0f3de492b0a44040b2acb7718b061539b15,0b4b9cf280db0684e726c2d69e9c94ac80ed76308867e7b2a51e13ec634843bf
3463,0.0,,Stock Gift at price 0.00 per share.,,2025-11-20,D,MSFT,7594d95c516734843949de840af7f0f3de492b0a44040b2acb7718b061539b15,0b4b9cf280db0684e726c2d69e9c94ac80ed76308867e7b2a51e13ec634843bf
3977,0.0,,Stock Gift at price 0.00 per share.,,2025-11-10,D,MSFT,008c00be15668c8167dafaf19a16c4c94bc9683d27050cc525a36c406cf6f48a,c843c232c31426b2ee4ebab8c1146a01d410b1c8f9ba0da36361a1edcc5e5095
10000,0.0,,Stock Gift at price 0.00 per share.,,2025-11-06,D,MSFT,6980232d238fe6ef01a3567525b1f4cd56d9cba671ca2079ca15deee83cf4405,5a15c9848f1277ddcc29e762f0bedf360c39735ef4362381a9baa1323b0c0499
38500,19967707.0,,Sale at price 518.49 - 519.21 per share.,,2025-11-03,D,MSFT,6980232d238fe6ef01a3567525b1f4cd56d9cba671ca2079ca15deee83cf4405,5a15c9848f1277ddcc29e762f0bedf360c39735ef4362381a9baa1323b0c0499
26151,0.0,,Stock Award(Grant) at price 0.00 per share.,,2025-09-15,D,MSFT,85b432713920949c0f4ab9b987edd403e8cc85ba3542e12f16ebe14852932b3c,e878fb932775145a35d621cbfd18580eac7e08d475df589d8d4709f6effc7826
6513,0.0,,Stock Award(Grant) at price 0.00 per share.,,2025-09-15,D,MSFT,6bcf20d309b2aefe295efc4e90f3436ebe8b22b3d87916af33114a9275ba01c3,0b4b9cf280db0684e726c2d69e9c94ac80ed76308867e7b2a51e13ec634843bf
11583,0.0,,Stock Award(Grant) at price 0.00 per share.,,2025-09-15,D,MSFT,3d315f45c25a7acdfc04fdb1b04ab7e0beb16a2676d9461419f6554be742e037,0b4b9cf280db0684e726c2d69e9c94ac80ed76308867e7b2a51e13ec634843bf
4022,0.0,,Stock Award(Grant) at price 0.00 per share.,,2025-09-15,D,MSFT,f7ae2f8ed5c1c44f19de3ad26f0927ee5e58f591bc5674be94d90a47925dc7d5,0b4b9cf280db0684e726c2d69e9c94ac80ed76308867e7b2a51e13ec634843bf
4358,0.0,,Stock Award(Grant) at price 0.00 per share.,,2025-09-15,D,MSFT,f7ae2f8ed5c1c44f19de3ad26f0927ee5e58f591bc5674be94d90a47925dc7d5,0b4b9cf280db0684e726c2d69e9c94ac80ed76308867e7b2a51e13ec634843bf
26151,0.0,,Stock Award(Grant) at price 0.00 per share.,,2025-09-15,D,MSFT,7594d95c516734843949de840af7f0f3de492b0a44040b2acb7718b061539b15,0b4b9cf280db0684e726c2d69e9c94ac80ed76308867e7b2a51e13ec634843bf
26151,0.0,,Stock Award(Grant) at price 0.00 per share.,,2025-09-15,D,MSFT,6980232d238fe6ef01a3567525b1f4cd56d9cba671ca2079ca15deee83cf4405,5a15c9848f1277ddcc29e762f0bedf360c39735ef4362381a9baa1323b0c0499
125,0.0,,Stock Award(Grant) at price 0.00 per share.,,2025-09-10,D,MSFT,705bda8969c42c0bf84837e6d7c16833489efabf0301b616e64a19e936ab432c,b3c5bb2c6216bd5eebb27844209d649b53dfffa56f1b9bd189f374dcc0056611
125,0.0,,Stock Award(Grant) at price 0.00 per share.,,2025-09-10,D,MSFT,0188f7c28ab9397f4f680bd2e8844c29a7729e50b62ada624f950702d09b3746,b3c5bb2c6216bd5eebb27844209d649b53dfffa56f1b9bd189f374dcc0056611
125,0.0,,Stock Award(Grant) at price 0.00 per share.,,2025-09-10,D,MSFT,d384d24bbb3b55791368b5559d5a2844782b71a178f0564df9ff484550d5f670,b3c5bb2c6216bd5eebb27844209d649b53dfffa56f1b9bd189f374dcc0056611
125,0.0,,Stock Award(Grant) at price 0.00 per share.,,2025-09-10,D,MSFT,c1e6cc618c85f7f944eabfbbb61df98ee673c1f075c0bc831718d8bd4677f842,b3c5bb2c6216bd5eebb27844209d649b53dfffa56f1b9bd189f374dcc0056611
149205,75315121.0,,Sale at price 503.00 - 507.56 per share.,,2025-09-03,D,MSFT,008c00be15668c8167dafaf19a16c4c94bc9683d27050cc525a36c406cf6f48a,c843c232c31426b2ee4ebab8c1146a01d410b1c8f9ba0da36361a1edcc5e5095
308870,0.0,,Stock Award(Grant) at price 0.00 per share.,,2025-09-02,D,MSFT,008c00be15668c8167dafaf19a16c4c94bc9683d27050cc525a36c406cf6f48a,c843c232c31426b2ee4ebab8c1146a01d410b1c8f9ba0da36361a1edcc5e5095
54053,0.0,,Stock Award(Grant) at price 0.00 per share.,,2025-09-02,D,MSFT,85b432713920949c0f4ab9b987edd403e8cc85ba3542e12f16ebe14852932b3c,e878fb932775145a35d621cbfd18580eac7e08d475df589d8d4709f6effc7826
20386,0.0,,Stock Award(Grant) at price 0.00 per share.,,2025-09-02,D,MSFT,6bcf20d309b2aefe295efc4e90f3436ebe8b22b3d87916af33114a9275ba01c3,0b4b9cf280db0684e726c2d69e9c94ac80ed76308867e7b2a51e13ec634843bf
45220,0.0,,Stock Award(Grant) at price 0.00 per share.,,2025-09-02,D,MSFT,7594d95c516734843949de840af7f0f3de492b0a44040b2acb7718b061539b15,0b4b9cf280db0684e726c2d69e9c94ac80ed76308867e7b2a51e13ec634843bf
17223,0.0,,Stock Award(Grant) at price 0.00 per share.,,2025-09-02,D,MSFT,3d315f45c25a7acdfc04fdb1b04ab7e0beb16a2676d9461419f6554be742e037,0b4b9cf280db0684e726c2d69e9c94ac80ed76308867e7b2a51e13ec634843bf
47877,0.0,,Stock Award(Grant) at price 0.00 per share.,,2025-09-02,D,MSFT,6980232d238fe6ef01a3567525b1f4cd56d9cba671ca2079ca15deee83cf4405,5a15c9848f1277ddcc29e762f0bedf360c39735ef4362381a9baa1323b0c0499
3813,0.0,,Stock Award(Grant) at price 0.00 per share.,,2025-08-29,D,MSFT,7282cc986e8f3863f55b2c692bdee6647133fc514344779a8eefebb8560ebee0,0b4b9cf280db0684e726c2d69e9c94ac80ed76308867e7b2a51e13ec634843bf
4850,2557506.0,,Sale at price 525.56 - 528.56 per share.,,2025-08-12,D,MSFT,3d315f45c25a7acdfc04fdb1b04ab7e0beb16a2676d9461419f6554be742e037,0b4b9cf280db0684e726c2d69e9c94ac80ed76308867e7b2a51e13ec634843bf
20000,0.0,,Stock Gift at price 0.00 per share.,,2025-08-11,D,MSFT,6980232d238fe6ef01a3567525b1f4cd56d9cba671ca2079ca15deee83cf4405,5a15c9848f1277ddcc29e762f0bedf360c39735ef4362381a9baa1323b0c0499
132,0.0,,Stock Award(Grant) at price 0.00 per share.,,2025-06-10,D,MSFT,705bda8969c42c0bf84837e6d7c16833489efabf0301b616e64a19e936ab432c,b3c5bb2c6216bd5eebb27844209d649b53dfffa56f1b9bd189f374dcc0056611
132,0.0,,Stock Award(Grant) at price 0.00 per share.,,2025-06-10,D,MSFT,d384d24bbb3b55791368b5559d5a2844782b71a178f0564df9ff484550d5f670,b3c5bb2c6216bd5eebb27844209d649b53dfffa56f1b9bd189f374dcc0056611
132,0.0,,Stock Award(Grant) at price 0.00 per share.,,2025-06-10,D,MSFT,c1e6cc618c85f7f944eabfbbb61df98ee673c1f075c0bc831718d8bd4677f842,b3c5bb2c6216bd5eebb27844209d649b53dfffa56f1b9bd189f374dcc0056611
132,0.0,,Stock Award(Grant) at price 0.00 per share.,,2025-06-10,D,MSFT,02cb808c8c342db0b136cb8a83898edd8deaadf65d460ba70186b2fab16bc248,b3c5bb2c6216bd5eebb27844209d649b53dfffa56f1b9bd189f374dcc0056611
3000,1389000.0,,Sale at price 463.00 per share.,,2025-06-03,D,MSFT,3d315f45c25a7acdfc04fdb1b04ab7e0beb16a2676d9461419f6554be742e037,0b4b9cf280db0684e726c2d69e9c94ac80ed76308867e7b2a51e13ec634843bf
1000,460008.0,,Sale at price 460.01 per share.,,2025-05-30,D,MSFT,3d315f45c25a7acdfc04fdb1b04ab7e0beb16a2676d9461419f6554be742e037,0b4b9cf280db0684e726c2d69e9c94ac80ed76308867e7b2a51e13ec634843bf
21500,9756152.0,,Sale at price 453.77 per share.,,2025-05-21,D,MSFT,6bcf20d309b2aefe295efc4e90f3436ebe8b22b3d87916af33114a9275ba01c3,0b4b9cf280db0684e726c2d69e9c94ac80ed76308867e7b2a51e13ec634843bf
16000,7330817.0,,Sale at price 457.97 - 458.46 per share.,,2025-05-19,D,MSFT,7594d95c516734843949de840af7f0f3de492b0a44040b2acb7718b061539b15,0b4b9cf280db0684e726c2d69e9c94ac80ed76308867e7b2a51e13ec634843bf
13242,5985886.0,,Sale at price 452.01 per share.,,2025-05-15,D,MSFT,f7ae2f8ed5c1c44f19de3ad26f0927ee5e58f591bc5674be94d90a47925dc7d5,0b4b9cf280db0684e726c2d69e9c94ac80ed76308867e7b2a51e13ec634843bf
3842,1684498.0,,Sale at price 390.57 - 438.82 per share.,,2025-05-05,D,MSFT,6980232d238fe6ef01a3567525b1f4cd56d9cba671ca2079ca15deee83cf4405,5a15c9848f1277ddcc29e762f0bedf360c39735ef4362381a9baa1323b0c0499
81000,35302945.0,,Sale at price 433.17 - 436.29 per share.,,2025-05-05,D,MSFT,6980232d238fe6ef01a3567525b1f4cd56d9cba671ca2079ca15deee83cf4405,5a15c9848f1277ddcc29e762f0bedf360c39735ef4362381a9baa1323b0c0499
3842,1450221.0,,Purchase at price 377.46 per share.,,2025-04-23,D,MSFT,6980232d238fe6ef01a3567525b1f4cd56d9cba671ca2079ca15deee83cf4405,5a15c9848f1277ddcc29e762f0bedf360c39735ef4362381a9baa1323b0c0499
10370,0.0,,Stock Award(Grant) at price 0.00 per share.,,2025-04-15,D,MSFT,f7ae2f8ed5c1c44f19de3ad26f0927ee5e58f591bc5674be94d90a47925dc7d5,0b4b9cf280db0684e726c2d69e9c94ac80ed76308867e7b2a51e13ec634843bf
151,0.0,,Stock Award(Grant) at price 0.00 per share.,,2025-01-31,D,MSFT,705bda8969c42c0bf84837e6d7c16833489efabf0301b616e64a19e936ab432c,b3c5bb2c6216bd5eebb27844209d649b53dfffa56f1b9bd189f374dcc0056611
151,0.0,,Stock Award(Grant) at price 0.00 per share.,,2025-01-31,D,MSFT,d384d24bbb3b55791368b5559d5a2844782b71a178f0564df9ff484550d5f670,b3c5bb2c6216bd5eebb27844209d649b53dfffa56f1b9bd189f374dcc0056611
151,0.0,,Stock Award(Grant) at price 0.00 per share.,,2025-01-31,D,MSFT,c1e6cc618c85f7f944eabfbbb61df98ee673c1f075c0bc831718d8bd4677f842,b3c5bb2c6216bd5eebb27844209d649b53dfffa56f1b9bd189f374dcc0056611
151,0.0,,Stock Award(Grant) at price 0.00 per share.,,2025-01-31,D,MSFT,02cb808c8c342db0b136cb8a83898edd8deaadf65d460ba70186b2fab16bc248,b3c5bb2c6216bd5eebb27844209d649b53dfffa56f1b9bd189f374dcc0056611
2500,1118530.0,,Sale at price 447.41 per share.,,2024-12-09,D,MSFT,3d315f45c25a7acdfc04fdb1b04ab7e0beb16a2676d9461419f6554be742e037,0b4b9cf280db0684e726c2d69e9c94ac80ed76308867e7b2a51e13ec634843bf
132,0.0,,Stock Award(Grant) at price 0.00 per share.,,2024-12-09,D,MSFT,705bda8969c42c0bf84837e6d7c16833489efabf0301b616e64a19e936ab432c,b3c5bb2c6216bd5eebb27844209d649b53dfffa56f1b9bd189f374dcc0056611
132,0.0,,Stock Award(Grant) at price 0.00 per share.,,2024-12-09,D,MSFT,0188f7c28ab9397f4f680bd2e8844c29a7729e50b62ada624f950702d09b3746,b3c5bb2c6216bd5eebb27844209d649b53dfffa56f1b9bd189f374dcc0056611
132,0.0,,Stock Award(Grant) at price 0.00 per share.,,2024-12-09,D,MSFT,d384d24bbb3b55791368b5559d5a2844782b71a178f0564df9ff484550d5f670,b3c5bb2c6216bd5eebb27844209d649b53dfffa56f1b9bd189f374dcc0056611
132,0.0,,Stock Award(Grant) at price 0.00 per share.,,2024-12-09,D,MSFT,c1e6cc618c85f7f944eabfbbb61df98ee673c1f075c0bc831718d8bd4677f842,b3c5bb2c6216bd5eebb27844209d649b53dfffa56f1b9bd189f374dcc0056611
2000,874634.0,,Sale at price 437.32 per share.,,2024-12-04,D,MSFT,3d315f45c25a7acdfc04fdb1b04ab7e0beb16a2676d9461419f6554be742e037,0b4b9cf280db0684e726c2d69e9c94ac80ed76308867e7b2a51e13ec634843bf
3500,1500662.0,,Sale at price 423.48 - 430.87 per share.,,2024-12-02,D,MSFT,3d315f45c25a7acdfc04fdb1b04ab7e0beb16a2676d9461419f6554be742e037,0b4b9cf280db0684e726c2d69e9c94ac80ed76308867e7b2a51e13ec634843bf
25000,10425000.0,,Sale at price 417.00 per share.,,2024-11-22,D,MSFT,7594d95c516734843949de840af7f0f3de492b0a44040b2acb7718b061539b15,0b4b9cf280db0684e726c2d69e9c94ac80ed76308867e7b2a51e13ec634843bf
1000,414720.0,,Sale at price 414.72 per share.,,2024-11-22,D,MSFT,3d315f45c25a7acdfc04fdb1b04ab7e0beb16a2676d9461419f6554be742e037,0b4b9cf280db0684e726c2d69e9c94ac80ed76308867e7b2a51e13ec634843bf
4719,0.0,,Stock Gift at price 0.00 per share.,,2024-11-13,D,MSFT,008c00be15668c8167dafaf19a16c4c94bc9683d27050cc525a36c406cf6f48a,c843c232c31426b2ee4ebab8c1146a01d410b1c8f9ba0da36361a1edcc5e5095
7200,3050340.0,,Sale at price 423.66 per share.,,2024-11-12,D,MSFT,f55135addebdfe8d10cf64a290d808403ec13add0a9badc9c13a777b1fa7e861,0b4b9cf280db0684e726c2d69e9c94ac80ed76308867e7b2a51e13ec634843bf
23374,0.0,,Stock Award(Grant) at price 0.00 per share.,,2024-09-16,D,MSFT,85b432713920949c0f4ab9b987edd403e8cc85ba3542e12f16ebe14852932b3c,e878fb932775145a35d621cbfd18580eac7e08d475df589d8d4709f6effc7826
7912,0.0,,Stock Award(Grant) at price 0.00 per share.,,2024-09-16,D,MSFT,6bcf20d309b2aefe295efc4e90f3436ebe8b22b3d87916af33114a9275ba01c3,0b4b9cf280db0684e726c2d69e9c94ac80ed76308867e7b2a51e13ec634843bf
8990,0.0,,Stock Award(Grant) at price 0.00 per share.,,2024-09-16,D,MSFT,f55135addebdfe8d10cf64a290d808403ec13add0a9badc9c13a777b1fa7e861,0b4b9cf280db0684e726c2d69e9c94ac80ed76308867e7b2a51e13ec634843bf
23374,0.0,,Stock Award(Grant) at price 0.00 per share.,,2024-09-16,D,MSFT,7594d95c516734843949de840af7f0f3de492b0a44040b2acb7718b061539b15,0b4b9cf280db0684e726c2d69e9c94ac80ed76308867e7b2a51e13ec634843bf
8511,0.0,,Stock Award(Grant) at price 0.00 per share.,,2024-09-16,D,MSFT,3d315f45c25a7acdfc04fdb1b04ab7e0beb16a2676d9461419f6554be742e037,0b4b9cf280db0684e726c2d69e9c94ac80ed76308867e7b2a51e13ec634843bf
23374,0.0,,Stock Award(Grant) at price 0.00 per share.,,2024-09-16,D,MSFT,6980232d238fe6ef01a3567525b1f4cd56d9cba671ca2079ca15deee83cf4405,5a15c9848f1277ddcc29e762f0bedf360c39735ef4362381a9baa1323b0c0499
12500,0.0,,Stock Gift at price 0.00 per share.,,2024-09-10,D,MSFT,6980232d238fe6ef01a3567525b1f4cd56d9cba671ca2079ca15deee83cf4405,5a15c9848f1277ddcc29e762f0bedf360c39735ef4362381a9baa1323b0c0499
17377,7156892.0,,Sale at price 411.85 per share.,,2024-09-10,D,MSFT,6bcf20d309b2aefe295efc4e90f3436ebe8b22b3d87916af33114a9275ba01c3,0b4b9cf280db0684e726c2d69e9c94ac80ed76308867e7b2a51e13ec634843bf
2500,1027608.0,,Sale at price 411.04 per share.,,2024-09-10,D,MSFT,3d315f45c25a7acdfc04fdb1b04ab7e0beb16a2676d9461419f6554be742e037,0b4b9cf280db0684e726c2d69e9c94ac80ed76308867e7b2a51e13ec634843bf
40000,16103553.0,,Sale at price 402.59 - 403.30 per share.,,2024-09-09,D,MSFT,6980232d238fe6ef01a3567525b1f4cd56d9cba671ca2079ca15deee83cf4405,5a15c9848f1277ddcc29e762f0bedf360c39735ef4362381a9baa1323b0c0499
146,0.0,,Stock Award(Grant) at price 0.00 per share.,,2024-09-06,D,MSFT,705bda8969c42c0bf84837e6d7c16833489efabf0301b616e64a19e936ab432c,b3c5bb2c6216bd5eebb27844209d649b53dfffa56f1b9bd189f374dcc0056611
146,0.0,,Stock Award(Grant) at price 0.00 per share.,,2024-09-06,D,MSFT,d384d24bbb3b55791368b5559d5a2844782b71a178f0564df9ff484550d5f670,b3c5bb2c6216bd5eebb27844209d649b53dfffa56f1b9bd189f374dcc0056611
146,0.0,,Stock Award(Grant) at price 0.00 per share.,,2024-09-06,D,MSFT,c1e6cc618c85f7f944eabfbbb61df98ee673c1f075c0bc831718d8bd4677f842,b3c5bb2c6216bd5eebb27844209d649b53dfffa56f1b9bd189f374dcc0056611
146,0.0,,Stock Award(Grant) at price 0.00 per share.,,2024-09-06,D,MSFT,02cb808c8c342db0b136cb8a83898edd8deaadf65d460ba70186b2fab16bc248,b3c5bb2c6216bd5eebb27844209d649b53dfffa56f1b9bd189f374dcc0056611
38000,15600794.0,,Sale at price 410.55 per share.,,2024-09-05,D,MSFT,85b432713920949c0f4ab9b987edd403e8cc85ba3542e12f16ebe14852932b3c,e878fb932775145a35d621cbfd18580eac7e08d475df589d8d4709f6effc7826
2450,0.0,,Stock Gift at price 0.00 per share.,,2024-09-04,D,MSFT,85b432713920949c0f4ab9b987edd403e8cc85ba3542e12f16ebe14852932b3c,e878fb932775145a35d621cbfd18580eac7e08d475df589d8d4709f6effc7826
78353,32017224.0,,Sale at price 404.98 - 410.82 per share.,,2024-09-04,D,MSFT,008c00be15668c8167dafaf19a16c4c94bc9683d27050cc525a36c406cf6f48a,c843c232c31426b2ee4ebab8c1146a01d410b1c8f9ba0da36361a1edcc5e5095
260949,0.0,,Stock Award(Grant) at price 0.00 per share.,,2024-09-03,D,MSFT,008c00be15668c8167dafaf19a16c4c94bc9683d27050cc525a36c406cf6f48a,c843c232c31426b2ee4ebab8c1146a01d410b1c8f9ba0da36361a1edcc5e5095
45668,0.0,,Stock Award(Grant) at price 0.00 per share.,,2024-09-03,D,MSFT,85b432713920949c0f4ab9b987edd403e8cc85ba3542e12f16ebe14852932b3c,e878fb932775145a35d621cbfd18580eac7e08d475df589d8d4709f6effc7826
17224,0.0,,Stock Award(Grant) at price 0.00 per share.,,2024-09-03,D,MSFT,6bcf20d309b2aefe295efc4e90f3436ebe8b22b3d87916af33114a9275ba01c3,0b4b9cf280db0684e726c2d69e9c94ac80ed76308867e7b2a51e13ec634843bf
19573,0.0,,Stock Award(Grant) at price 0.00 per share.,,2024-09-03,D,MSFT,f55135addebdfe8d10cf64a290d808403ec13add0a9badc9c13a777b1fa7e861,0b4b9cf280db0684e726c2d69e9c94ac80ed76308867e7b2a51e13ec634843bf
32881,0.0,,Stock Award(Grant) at price 0.00 per share.,,2024-09-03,D,MSFT,7594d95c516734843949de840af7f0f3de492b0a44040b2acb7718b061539b15,0b4b9cf280db0684e726c2d69e9c94ac80ed76308867e7b2a51e13ec634843bf
14552,0.0,,Stock Award(Grant) at price 0.00 per share.,,2024-09-03,D,MSFT,3d315f45c25a7acdfc04fdb1b04ab7e0beb16a2676d9461419f6554be742e037,0b4b9cf280db0684e726c2d69e9c94ac80ed76308867e7b2a51e13ec634843bf
40448,0.0,,Stock Award(Grant) at price 0.00 per share.,,2024-09-03,D,MSFT,6980232d238fe6ef01a3567525b1f4cd56d9cba671ca2079ca15deee83cf4405,5a15c9848f1277ddcc29e762f0bedf360c39735ef4362381a9baa1323b0c0499
4411,0.0,,Stock Award(Grant) at price 0.00 per share.,,2024-08-30,D,MSFT,7282cc986e8f3863f55b2c692bdee6647133fc514344779a8eefebb8560ebee0,0b4b9cf280db0684e726c2d69e9c94ac80ed76308867e7b2a51e13ec634843bf
14398,6009898.0,,Sale at price 417.41 per share.,,2024-08-23,I,MSFT,008c00be15668c8167dafaf19a16c4c94bc9683d27050cc525a36c406cf6f48a,c843c232c31426b2ee4ebab8c1146a01d410b1c8f9ba0da36361a1edcc5e5095
138,0.0,,Stock Award(Grant) at price 0.00 per share.,,2024-06-07,D,MSFT,705bda8969c42c0bf84837e6d7c16833489efabf0301b616e64a19e936ab432c,b3c5bb2c6216bd5eebb27844209d649b53dfffa56f1b9bd189f374dcc0056611
138,0.0,,Stock Award(Grant) at price 0.00 per share.,,2024-06-07,D,MSFT,d384d24bbb3b55791368b5559d5a2844782b71a178f0564df9ff484550d5f670,b3c5bb2c6216bd5eebb27844209d649b53dfffa56f1b9bd189f374dcc0056611
138,0.0,,Stock Award(Grant) at price 0.00 per share.,,2024-06-07,D,MSFT,c1e6cc618c85f7f944eabfbbb61df98ee673c1f075c0bc831718d8bd4677f842,b3c5bb2c6216bd5eebb27844209d649b53dfffa56f1b9bd189f374dcc0056611
138,0.0,,Stock Award(Grant) at price 0.00 per share.,,2024-06-07,D,MSFT,02cb808c8c342db0b136cb8a83898edd8deaadf65d460ba70186b2fab16bc248,b3c5bb2c6216bd5eebb27844209d649b53dfffa56f1b9bd189f374dcc0056611
16996,0.0,,Stock Gift at price 0.00 per share.,,2024-06-05,I,MSFT,008c00be15668c8167dafaf19a16c4c94bc9683d27050cc525a36c406cf6f48a,c843c232c31426b2ee4ebab8c1146a01d410b1c8f9ba0da36361a1edcc5e5095
566,235535.0,,Sale at price 415.53 - 416.60 per share.,,2024-06-03,D,MSFT,3d315f45c25a7acdfc04fdb1b04ab7e0beb16a2676d9461419f6554be742e037,0b4b9cf280db0684e726c2d69e9c94ac80ed76308867e7b2a51e13ec634843bf
25000,10641950.0,,Sale at price 425.68 per share.,,2024-05-23,D,MSFT,7594d95c516734843949de840af7f0f3de492b0a44040b2acb7718b061539b15,0b4b9cf280db0684e726c2d69e9c94ac80ed76308867e7b2a51e13ec634843bf
437500,0.0,,Stock Gift at price 0.00 per share.,,2026-02-19,D,GOOGL,3073f7730997847d2cbf91a3107e7b62549b69a615a26d5e1c9cb53f7ee1d516,3c98a4fe5de98b501c37f69189b41f527f2f134900148d138bff4e0394d71195
600,184037.0,,Sale at price 306.11 - 307.77 per share.,,2026-02-13,I,GOOGL,eafe42ae7411de8b4526264844394204be2ec114e2247bbe84d7516b32a2cd3f,b3c5bb2c6216bd5eebb27844209d649b53dfffa56f1b9bd189f374dcc0056611
600,202514.0,,Sale at price 335.13 - 339.75 per share.,,2026-01-13,I,GOOGL,eafe42ae7411de8b4526264844394204be2ec114e2247bbe84d7516b32a2cd3f,b3c5bb2c6216bd5eebb27844209d649b53dfffa56f1b9bd189f374dcc0056611
39200,0.0,,Stock Gift at price 0.00 per share.,,2025-12-09,I,GOOGL,fb58c65e0a55a239d4aafa8cafe8f4f84285648c799897a939b774be5451a2e6,b3c5bb2c6216bd5eebb27844209d649b53dfffa56f1b9bd189f374dcc0056611
243508,0.0,,Stock Gift at price 0.00 per share.,,2025-09-25,I,GOOGL,fb58c65e0a55a239d4aafa8cafe8f4f84285648c799897a939b774be5451a2e6,b3c5bb2c6216bd5eebb27844209d649b53dfffa56f1b9bd189f374dcc0056611
26000,5330000.0,,Sale at price 205.00 per share.,,2025-08-15,D/I,GOOGL,fb58c65e0a55a239d4aafa8cafe8f4f84285648c799897a939b774be5451a2e6,b3c5bb2c6216bd5eebb27844209d649b53dfffa56f1b9bd189f374dcc0056611
33566,6235220.0,,Sale at price 185.76 per share.,,2025-07-18,D/I,GOOGL,fb58c65e0a55a239d4aafa8cafe8f4f84285648c799897a939b774be5451a2e6,b3c5bb2c6216bd5eebb27844209d649b53dfffa56f1b9bd189f374dcc0056611
19500,3412500.0,,Sale at price 175.00 per share.,,2025-05-22,D/I,GOOGL,fb58c65e0a55a239d4aafa8cafe8f4f84285648c799897a939b774be5451a2e6,b3c5bb2c6216bd5eebb27844209d649b53dfffa56f1b9bd189f374dcc0056611
53066,9810567.0,,Sale at price 182.49 - 185.51 per share.,,2025-02-18,D/I,GOOGL,fb58c65e0a55a239d4aafa8cafe8f4f84285648c799897a939b774be5451a2e6,b3c5bb2c6216bd5eebb27844209d649b53dfffa56f1b9bd189f374dcc0056611
26000,5330000.0,,Sale at price 205.00 per share.,,2025-01-31,D/I,GOOGL,fb58c65e0a55a239d4aafa8cafe8f4f84285648c799897a939b774be5451a2e6,b3c5bb2c6216bd5eebb27844209d649b53dfffa56f1b9bd189f374dcc0056611
1500,284693.0,,Sale at price 187.90 - 190.40 per share.,,2025-01-13,I,GOOGL,eafe42ae7411de8b4526264844394204be2ec114e2247bbe84d7516b32a2cd3f,b3c5bb2c6216bd5eebb27844209d649b53dfffa56f1b9bd189f374dcc0056611
65400,0.0,,Stock Gift at price 0.00 per share.,,2024-12-18,I,GOOGL,fb58c65e0a55a239d4aafa8cafe8f4f84285648c799897a939b774be5451a2e6,b3c5bb2c6216bd5eebb27844209d649b53dfffa56f1b9bd189f374dcc0056611
1500,291336.0,,Sale at price 192.80 - 195.03 per share.,,2024-12-12,I,GOOGL,eafe42ae7411de8b4526264844394204be2ec114e2247bbe84d7516b32a2cd3f,b3c5bb2c6216bd5eebb27844209d649b53dfffa56f1b9bd189f374dcc0056611
72500,13413721.0,,Sale at price 185.01 - 185.02 per share.,,2024-12-10,D/I,GOOGL,fb58c65e0a55a239d4aafa8cafe8f4f84285648c799897a939b774be5451a2e6,b3c5bb2c6216bd5eebb27844209d649b53dfffa56f1b9bd189f374dcc0056611
1500,271125.0,,Sale at price 179.80 - 182.03 per share.,,2024-11-12,I,GOOGL,eafe42ae7411de8b4526264844394204be2ec114e2247bbe84d7516b32a2cd3f,b3c5bb2c6216bd5eebb27844209d649b53dfffa56f1b9bd189f374dcc0056611
19500,3459495.0,,Sale at price 177.41 per share.,,2024-11-07,D/I,GOOGL,fb58c65e0a55a239d4aafa8cafe8f4f84285648c799897a939b774be5451a2e6,b3c5bb2c6216bd5eebb27844209d649b53dfffa56f1b9bd189f374dcc0056611
19500,3525210.0,,Sale at price 180.78 per share.,,2024-10-30,D/I,GOOGL,fb58c65e0a55a239d4aafa8cafe8f4f84285648c799897a939b774be5451a2e6,b3c5bb2c6216bd5eebb27844209d649b53dfffa56f1b9bd189f374dcc0056611
1500,247432.0,,Sale at price 163.70 - 165.27 per share.,,2024-10-14,I,GOOGL,eafe42ae7411de8b4526264844394204be2ec114e2247bbe84d7516b32a2cd3f,b3c5bb2c6216bd5eebb27844209d649b53dfffa56f1b9bd189f374dcc0056611
391400,0.0,,Stock Gift at price 0.00 per share.,,2024-10-10,I,GOOGL,fb58c65e0a55a239d4aafa8cafe8f4f84285648c799897a939b774be5451a2e6,b3c5bb2c6216bd5eebb27844209d649b53dfffa56f1b9bd189f374dcc0056611
700,115500.0,,Sale at price 165.00 per share.,,2024-09-23,I,GOOGL,eafe42ae7411de8b4526264844394204be2ec114e2247bbe84d7516b32a2cd3f,b3c5bb2c6216bd5eebb27844209d649b53dfffa56f1b9bd189f374dcc0056611
800,123003.0,,Sale at price 153.47 - 154.22 per share.,,2024-09-12,I,GOOGL,eafe42ae7411de8b4526264844394204be2ec114e2247bbe84d7516b32a2cd3f,b3c5bb2c6216bd5eebb27844209d649b53dfffa56f1b9bd189f374dcc0056611
700,115500.0,,Sale at price 165.00 per share.,,2024-08-16,I,GOOGL,eafe42ae7411de8b4526264844394204be2ec114e2247bbe84d7516b32a2cd3f,b3c5bb2c6216bd5eebb27844209d649b53dfffa56f1b9bd189f374dcc0056611
800,130421.0,,Sale at price 162.62 - 164.46 per share.,,2024-08-12,I,GOOGL,eafe42ae7411de8b4526264844394204be2ec114e2247bbe84d7516b32a2cd3f,b3c5bb2c6216bd5eebb27844209d649b53dfffa56f1b9bd189f374dcc0056611
1500,278775.0,,Sale at price 185.59 - 186.41 per share.,,2024-07-12,I,GOOGL,eafe42ae7411de8b4526264844394204be2ec114e2247bbe84d7516b32a2cd3f,b3c5bb2c6216bd5eebb27844209d649b53dfffa56f1b9bd189f374dcc0056611
2790,0.0,,Stock Award(Grant) at price 0.00 per share.,,2024-07-03,D,GOOGL,eafe42ae7411de8b4526264844394204be2ec114e2247bbe84d7516b32a2cd3f,b3c5bb2c6216bd5eebb27844209d649b53dfffa56f1b9bd189f374dcc0056611
836,148124.0,,Sale at price 176.73 - 179.19 per share.,,2024-06-12,I,GOOGL,eafe42ae7411de8b4526264844394204be2ec114e2247bbe84d7516b32a2cd3f,b3c5bb2c6216bd5eebb27844209d649b53dfffa56f1b9bd189f374dcc0056611
1000,204250.0,,Sale at price 204.25 per share.,,2026-03-02,D,AMZN,a5031882238d0eb6e8c720e8cecaf1cceac6cb8e4da8fe13d6925ae278346035,0b4b9cf280db0684e726c2d69e9c94ac80ed76308867e7b2a51e13ec634843bf
17749,3645614.0,,Sale at price 204.15 - 208.02 per share.,,2026-02-24,D,AMZN,b19f29bdc7ab62cc307c30f5d7d6b7c43c220142c7901f00e5f3958c43324363,0b4b9cf280db0684e726c2d69e9c94ac80ed76308867e7b2a51e13ec634843bf
2695,554892.0,,Sale at price 204.60 - 207.98 per share.,,2026-02-23,D,AMZN,16cf70bb7b601e0eb0d8a0a9f2c914706a66ec5c2e209bd8903ffc6363015c08,0b4b9cf280db0684e726c2d69e9c94ac80ed76308867e7b2a51e13ec634843bf
19872,4077378.0,,Sale at price 204.25 - 207.96 per share.,,2026-02-23,D,AMZN,38a6148db2f362be2a1783ea3432249f7b30ad4e555be32b182e2fa19c569f81,c843c232c31426b2ee4ebab8c1146a01d410b1c8f9ba0da36361a1edcc5e5095
17751,3642842.0,,Sale at price 204.14 - 208.05 per share.,,2026-02-23,D,AMZN,adc039d6dcd07020258b374c26419004a9e6d50998298dfb713ad656b9194007,0b4b9cf280db0684e726c2d69e9c94ac80ed76308867e7b2a51e13ec634843bf
6835,1406785.0,,Sale at price 204.63 - 208.25 per share.,,2026-02-23,D,AMZN,a5031882238d0eb6e8c720e8cecaf1cceac6cb8e4da8fe13d6925ae278346035,0b4b9cf280db0684e726c2d69e9c94ac80ed76308867e7b2a51e13ec634843bf
17749,,,,,2026-02-20,D,AMZN,b19f29bdc7ab62cc307c30f5d7d6b7c43c220142c7901f00e5f3958c43324363,0b4b9cf280db0684e726c2d69e9c94ac80ed76308867e7b2a51e13ec634843bf
17749,,,,,2026-02-20,D,AMZN,8ce2b0c013f6eb3f0fe00026648a986f6141aa1145b5af9b5f6eb38316b5bece,e878fb932775145a35d621cbfd18580eac7e08d475df589d8d4709f6effc7826
17087,,,,,2026-02-20,D,AMZN,a5031882238d0eb6e8c720e8cecaf1cceac6cb8e4da8fe13d6925ae278346035,0b4b9cf280db0684e726c2d69e9c94ac80ed76308867e7b2a51e13ec634843bf
20883,,,,,2026-02-20,D,AMZN,adc039d6dcd07020258b374c26419004a9e6d50998298dfb713ad656b9194007,0b4b9cf280db0684e726c2d69e9c94ac80ed76308867e7b2a51e13ec634843bf
49680,,,,,2026-02-20,D,AMZN,38a6148db2f362be2a1783ea3432249f7b30ad4e555be32b182e2fa19c569f81,c843c232c31426b2ee4ebab8c1146a01d410b1c8f9ba0da36361a1edcc5e5095
2695,,,,,2026-02-20,D,AMZN,16cf70bb7b601e0eb0d8a0a9f2c914706a66ec5c2e209bd8903ffc6363015c08,0b4b9cf280db0684e726c2d69e9c94ac80ed76308867e7b2a51e13ec634843bf
4784,948990.0,,Sale at price 196.75 - 200.08 per share.,,2026-02-17,D,AMZN,a5031882238d0eb6e8c720e8cecaf1cceac6cb8e4da8fe13d6925ae278346035,0b4b9cf280db0684e726c2d69e9c94ac80ed76308867e7b2a51e13ec634843bf
1816,,,,,2026-02-13,D,AMZN,4612cddb9c6e07b5abd04ca26a8b0a16449a73a3689d60b849077cf6dc9ad224,b3c5bb2c6216bd5eebb27844209d649b53dfffa56f1b9bd189f374dcc0056611
11959,,,,,2026-02-13,D,AMZN,a5031882238d0eb6e8c720e8cecaf1cceac6cb8e4da8fe13d6925ae278346035,0b4b9cf280db0684e726c2d69e9c94ac80ed76308867e7b2a51e13ec634843bf
2677,,,,,2026-02-13,D,AMZN,03ba82b9ed410f7815925c5a364a18dc71862194151774d9b0594271d69da9cd,b3c5bb2c6216bd5eebb27844209d649b53dfffa56f1b9bd189f374dcc0056611
900,183492.0,,Sale at price 203.88 per share.,,2026-02-12,D,AMZN,33260b377af2df0055d09866543a03d783491a7a034adaa7d615bd1c8d37ae43,b3c5bb2c6216bd5eebb27844209d649b53dfffa56f1b9bd189f374dcc0056611
1000,208000.0,,Sale at price 208.00 per share.,,2026-02-11,D,AMZN,a5031882238d0eb6e8c720e8cecaf1cceac6cb8e4da8fe13d6925ae278346035,0b4b9cf280db0684e726c2d69e9c94ac80ed76308867e7b2a51e13ec634843bf
2500,583050.0,,Sale at price 233.22 per share.,,2025-12-01,D,AMZN,a5031882238d0eb6e8c720e8cecaf1cceac6cb8e4da8fe13d6925ae278346035,0b4b9cf280db0684e726c2d69e9c94ac80ed76308867e7b2a51e13ec634843bf
20670,4559466.0,,Sale at price 215.86 - 222.49 per share.,,2025-11-24,D,AMZN,b19f29bdc7ab62cc307c30f5d7d6b7c43c220142c7901f00e5f3958c43324363,0b4b9cf280db0684e726c2d69e9c94ac80ed76308867e7b2a51e13ec634843bf
2695,583222.0,,Sale at price 216.07 - 217.57 per share.,,2025-11-21,D,AMZN,16cf70bb7b601e0eb0d8a0a9f2c914706a66ec5c2e209bd8903ffc6363015c08,0b4b9cf280db0684e726c2d69e9c94ac80ed76308867e7b2a51e13ec634843bf
19872,4310952.0,,Sale at price 215.82 - 219.46 per share.,,2025-11-21,D,AMZN,38a6148db2f362be2a1783ea3432249f7b30ad4e555be32b182e2fa19c569f81,c843c232c31426b2ee4ebab8c1146a01d410b1c8f9ba0da36361a1edcc5e5095
17768,3853946.0,,Sale at price 215.83 - 219.48 per share.,,2025-11-21,D,AMZN,adc039d6dcd07020258b374c26419004a9e6d50998298dfb713ad656b9194007,0b4b9cf280db0684e726c2d69e9c94ac80ed76308867e7b2a51e13ec634843bf
6835,1479098.0,,Sale at price 216.05 - 217.52 per share.,,2025-11-21,D,AMZN,a5031882238d0eb6e8c720e8cecaf1cceac6cb8e4da8fe13d6925ae278346035,0b4b9cf280db0684e726c2d69e9c94ac80ed76308867e7b2a51e13ec634843bf
17750,,,,,2025-11-21,D,AMZN,b19f29bdc7ab62cc307c30f5d7d6b7c43c220142c7901f00e5f3958c43324363,0b4b9cf280db0684e726c2d69e9c94ac80ed76308867e7b2a51e13ec634843bf
17750,,,,,2025-11-21,D,AMZN,8ce2b0c013f6eb3f0fe00026648a986f6141aa1145b5af9b5f6eb38316b5bece,e878fb932775145a35d621cbfd18580eac7e08d475df589d8d4709f6effc7826
17087,,,,,2025-11-21,D,AMZN,a5031882238d0eb6e8c720e8cecaf1cceac6cb8e4da8fe13d6925ae278346035,0b4b9cf280db0684e726c2d69e9c94ac80ed76308867e7b2a51e13ec634843bf
20903,,,,,2025-11-21,D,AMZN,adc039d6dcd07020258b374c26419004a9e6d50998298dfb713ad656b9194007,0b4b9cf280db0684e726c2d69e9c94ac80ed76308867e7b2a51e13ec634843bf
49680,,,,,2025-11-21,D,AMZN,38a6148db2f362be2a1783ea3432249f7b30ad4e555be32b182e2fa19c569f81,c843c232c31426b2ee4ebab8c1146a01d410b1c8f9ba0da36361a1edcc5e5095
2695,,,,,2025-11-21,D,AMZN,16cf70bb7b601e0eb0d8a0a9f2c914706a66ec5c2e209bd8903ffc6363015c08,0b4b9cf280db0684e726c2d69e9c94ac80ed76308867e7b2a51e13ec634843bf
1237,280317.0,,Sale at price 226.61 per share.,,2025-11-20,D,AMZN,a9cabf66cebd7ba9d155e511b57c510ee670348d6cc45ef9b75c297d3a842e74,b3c5bb2c6216bd5eebb27844209d649b53dfffa56f1b9bd189f374dcc0056611
4784,1113263.0,,Sale at price 231.63 - 234.38 per share.,,2025-11-17,D,AMZN,a5031882238d0eb6e8c720e8cecaf1cceac6cb8e4da8fe13d6925ae278346035,0b4b9cf280db0684e726c2d69e9c94ac80ed76308867e7b2a51e13ec634843bf
900,209700.0,,Sale at price 233.00 per share.,,2025-11-17,D,AMZN,33260b377af2df0055d09866543a03d783491a7a034adaa7d615bd1c8d37ae43,b3c5bb2c6216bd5eebb27844209d649b53dfffa56f1b9bd189f374dcc0056611
42610,0.0,,Stock Gift at price 0.00 per share.,,2025-11-14,D,AMZN,377573f426f1b4eb68d6b159660d03ecd7e120aa574bfb7afa192ed27581f70d,a05e77c114e6c8e99d31bdbdd81adc6fc5fff2fed1a00a3a75db00a4e194cede
2473,,,,,2025-11-14,D,AMZN,41e6c4c8726904900738a52d1c1bb3b19728e596fc19d0fc22eef7782e9b4c6c,b3c5bb2c6216bd5eebb27844209d649b53dfffa56f1b9bd189f374dcc0056611
2473,,,,,2025-11-14,D,AMZN,b2a566dd49ca5be6c7edf428a6622ed5a45365df6809d5a78e4156712c73c40f,b3c5bb2c6216bd5eebb27844209d649b53dfffa56f1b9bd189f374dcc0056611
2605,,,,,2025-11-14,I,AMZN,1d39faff0055e10649311fe9f6dfdb6baee823b781881f05e3b79ab9b965882c,b3c5bb2c6216bd5eebb27844209d649b53dfffa56f1b9bd189f374dcc0056611
2473,,,,,2025-11-14,D,AMZN,a9cabf66cebd7ba9d155e511b57c510ee670348d6cc45ef9b75c297d3a842e74,b3c5bb2c6216bd5eebb27844209d649b53dfffa56f1b9bd189f374dcc0056611
11959,,,,,2025-11-14,D,AMZN,a5031882238d0eb6e8c720e8cecaf1cceac6cb8e4da8fe13d6925ae278346035,0b4b9cf280db0684e726c2d69e9c94ac80ed76308867e7b2a51e13ec634843bf
2605,,,,,2025-11-14,D,AMZN,33260b377af2df0055d09866543a03d783491a7a034adaa7d615bd1c8d37ae43,b3c5bb2c6216bd5eebb27844209d649b53dfffa56f1b9bd189f374dcc0056611
2042,,,,,2025-11-14,D,AMZN,c3118ea7dbb373ed4fda9d1db3eb40adaad862e579c300c17fcfc860a598b07b,b3c5bb2c6216bd5eebb27844209d649b53dfffa56f1b9bd189f374dcc0056611
1013128,0.0,,Stock Gift at price 0.00 per share.,,2025-11-07,D,AMZN,377573f426f1b4eb68d6b159660d03ecd7e120aa574bfb7afa192ed27581f70d,a05e77c114e6c8e99d31bdbdd81adc6fc5fff2fed1a00a3a75db00a4e194cede
7944,0.0,,Stock Gift at price 0.00 per share.,,2025-11-07,D,AMZN,03ba82b9ed410f7815925c5a364a18dc71862194151774d9b0594271d69da9cd,b3c5bb2c6216bd5eebb27844209d649b53dfffa56f1b9bd189f374dcc0056611
24500,6139260.0,,Sale at price 250.03 - 255.44 per share.,,2025-11-03,D,AMZN,a5031882238d0eb6e8c720e8cecaf1cceac6cb8e4da8fe13d6925ae278346035,0b4b9cf280db0684e726c2d69e9c94ac80ed76308867e7b2a51e13ec634843bf
8173,2043495.0,,Sale at price 250.03 per share.,,2025-10-31,D,AMZN,41e6c4c8726904900738a52d1c1bb3b19728e596fc19d0fc22eef7782e9b4c6c,b3c5bb2c6216bd5eebb27844209d649b53dfffa56f1b9bd189f374dcc0056611
2500,542750.0,,Sale at price 217.10 per share.,,2025-10-01,D,AMZN,a5031882238d0eb6e8c720e8cecaf1cceac6cb8e4da8fe13d6925ae278346035,0b4b9cf280db0684e726c2d69e9c94ac80ed76308867e7b2a51e13ec634843bf
2500,558725.0,,Sale at price 223.49 per share.,,2025-09-02,D,AMZN,a5031882238d0eb6e8c720e8cecaf1cceac6cb8e4da8fe13d6925ae278346035,0b4b9cf280db0684e726c2d69e9c94ac80ed76308867e7b2a51e13ec634843bf
421693,0.0,,Stock Gift at price 0.00 per share.,,2025-08-28,D,AMZN,377573f426f1b4eb68d6b159660d03ecd7e120aa574bfb7afa192ed27581f70d,a05e77c114e6c8e99d31bdbdd81adc6fc5fff2fed1a00a3a75db00a4e194cede
20670,4595798.0,,Sale at price 221.34 - 222.76 per share.,,2025-08-22,D,AMZN,b19f29bdc7ab62cc307c30f5d7d6b7c43c220142c7901f00e5f3958c43324363,0b4b9cf280db0684e726c2d69e9c94ac80ed76308867e7b2a51e13ec634843bf
2715,601755.0,,Sale at price 221.35 - 222.23 per share.,,2025-08-21,D,AMZN,16cf70bb7b601e0eb0d8a0a9f2c914706a66ec5c2e209bd8903ffc6363015c08,0b4b9cf280db0684e726c2d69e9c94ac80ed76308867e7b2a51e13ec634843bf
19872,4403259.0,,Sale at price 221.42 - 221.91 per share.,,2025-08-21,D,AMZN,38a6148db2f362be2a1783ea3432249f7b30ad4e555be32b182e2fa19c569f81,c843c232c31426b2ee4ebab8c1146a01d410b1c8f9ba0da36361a1edcc5e5095
17785,3940677.0,,Sale at price 221.37 - 221.85 per share.,,2025-08-21,D,AMZN,adc039d6dcd07020258b374c26419004a9e6d50998298dfb713ad656b9194007,0b4b9cf280db0684e726c2d69e9c94ac80ed76308867e7b2a51e13ec634843bf
6835,1514783.0,,Sale at price 221.26 - 222.74 per share.,,2025-08-21,D,AMZN,a5031882238d0eb6e8c720e8cecaf1cceac6cb8e4da8fe13d6925ae278346035,0b4b9cf280db0684e726c2d69e9c94ac80ed76308867e7b2a51e13ec634843bf
17750,3953635.0,,Sale at price 222.74 per share.,,2025-08-21,D,AMZN,8ce2b0c013f6eb3f0fe00026648a986f6141aa1145b5af9b5f6eb38316b5bece,e878fb932775145a35d621cbfd18580eac7e08d475df589d8d4709f6effc7826
17750,,,,,2025-08-21,D,AMZN,b19f29bdc7ab62cc307c30f5d7d6b7c43c220142c7901f00e5f3958c43324363,0b4b9cf280db0684e726c2d69e9c94ac80ed76308867e7b2a51e13ec634843bf
17750,,,,,2025-08-21,D,AMZN,8ce2b0c013f6eb3f0fe00026648a986f6141aa1145b5af9b5f6eb38316b5bece,e878fb932775145a35d621cbfd18580eac7e08d475df589d8d4709f6effc7826
17087,,,,,2025-08-21,D,AMZN,a5031882238d0eb6e8c720e8cecaf1cceac6cb8e4da8fe13d6925ae278346035,0b4b9cf280db0684e726c2d69e9c94ac80ed76308867e7b2a51e13ec634843bf
20923,,,,,2025-08-21,D,AMZN,adc039d6dcd07020258b374c26419004a9e6d50998298dfb713ad656b9194007,0b4b9cf280db0684e726c2d69e9c94ac80ed76308867e7b2a51e13ec634843bf
49680,,,,,2025-08-21,D,AMZN,38a6148db2f362be2a1783ea3432249f7b30ad4e555be32b182e2fa19c569f81,c843c232c31426b2ee4ebab8c1146a01d410b1c8f9ba0da36361a1edcc5e5095
2715,,,,,2025-08-21,D,AMZN,16cf70bb7b601e0eb0d8a0a9f2c914706a66ec5c2e209bd8903ffc6363015c08,0b4b9cf280db0684e726c2d69e9c94ac80ed76308867e7b2a51e13ec634843bf
4784,1111410.0,,Sale at price 231.78 - 233.72 per share.,,2025-08-15,D,AMZN,a5031882238d0eb6e8c720e8cecaf1cceac6cb8e4da8fe13d6925ae278346035,0b4b9cf280db0684e726c2d69e9c94ac80ed76308867e7b2a51e13ec634843bf
11959,,,,,2025-08-15,D,AMZN,a5031882238d0eb6e8c720e8cecaf1cceac6cb8e4da8fe13d6925ae278346035,0b4b9cf280db0684e726c2d69e9c94ac80ed76308867e7b2a51e13ec634843bf
100020,0.0,,Stock Gift at price 0.00 per share.,,2025-08-14,D,AMZN,377573f426f1b4eb68d6b159660d03ecd7e120aa574bfb7afa192ed27581f70d,a05e77c114e6c8e99d31bdbdd81adc6fc5fff2fed1a00a3a75db00a4e194cede
8970,0.0,,Stock Gift at price 0.00 per share.,,2025-08-08,D,AMZN,a5031882238d0eb6e8c720e8cecaf1cceac6cb8e4da8fe13d6925ae278346035,0b4b9cf280db0684e726c2d69e9c94ac80ed76308867e7b2a51e13ec634843bf
2500,542500.0,,Sale at price 217.00 per share.,,2025-08-01,D,AMZN,a5031882238d0eb6e8c720e8cecaf1cceac6cb8e4da8fe13d6925ae278346035,0b4b9cf280db0684e726c2d69e9c94ac80ed76308867e7b2a51e13ec634843bf
4154098,954275370.0,,Sale at price 228.48 - 233.08 per share.,,2025-07-24,D,AMZN,377573f426f1b4eb68d6b159660d03ecd7e120aa574bfb7afa192ed27581f70d,a05e77c114e6c8e99d31bdbdd81adc6fc5fff2fed1a00a3a75db00a4e194cede
6612707,1509959637.0,,Sale at price 227.55 - 229.54 per share.,,2025-07-22,D,AMZN,377573f426f1b4eb68d6b159660d03ecd7e120aa574bfb7afa192ed27581f70d,a05e77c114e6c8e99d31bdbdd81adc6fc5fff2fed1a00a3a75db00a4e194cede
733195,166449709.0,,Sale at price 227.02 per share.,,2025-07-15,D,AMZN,377573f426f1b4eb68d6b159660d03ecd7e120aa574bfb7afa192ed27581f70d,a05e77c114e6c8e99d31bdbdd81adc6fc5fff2fed1a00a3a75db00a4e194cede
6715424,1512356060.0,,Sale at price 224.55 - 226.44 per share.,,2025-07-14,D,AMZN,377573f426f1b4eb68d6b159660d03ecd7e120aa574bfb7afa192ed27581f70d,a05e77c114e6c8e99d31bdbdd81adc6fc5fff2fed1a00a3a75db00a4e194cede
485205,108682627.0,,Sale at price 223.88 - 224.02 per share.,,2025-07-09,D,AMZN,377573f426f1b4eb68d6b159660d03ecd7e120aa574bfb7afa192ed27581f70d,a05e77c114e6c8e99d31bdbdd81adc6fc5fff2fed1a00a3a75db00a4e194cede
2974445,665864143.0,,Sale at price 223.73 - 223.92 per share.,,2025-07-07,D,AMZN,377573f426f1b4eb68d6b159660d03ecd7e120aa574bfb7afa192ed27581f70d,a05e77c114e6c8e99d31bdbdd81adc6fc5fff2fed1a00a3a75db00a4e194cede
2500,550144.0,,Sale at price 219.17 - 220.90 per share.,,2025-07-01,D,AMZN,a5031882238d0eb6e8c720e8cecaf1cceac6cb8e4da8fe13d6925ae278346035,0b4b9cf280db0684e726c2d69e9c94ac80ed76308867e7b2a51e13ec634843bf
3324926,736683388.0,,Sale at price 221.41 - 223.56 per share.,,2025-06-30,D,AMZN,377573f426f1b4eb68d6b159660d03ecd7e120aa574bfb7afa192ed27581f70d,a05e77c114e6c8e99d31bdbdd81adc6fc5fff2fed1a00a3a75db00a4e194cede
24410,0.0,,Stock Gift at price 0.00 per share.,,2025-06-03,D,AMZN,377573f426f1b4eb68d6b159660d03ecd7e120aa574bfb7afa192ed27581f70d,a05e77c114e6c8e99d31bdbdd81adc6fc5fff2fed1a00a3a75db00a4e194cede
2500,512450.0,,Sale at price 204.98 per share.,,2025-06-02,D,AMZN,a5031882238d0eb6e8c720e8cecaf1cceac6cb8e4da8fe13d6925ae278346035,0b4b9cf280db0684e726c2d69e9c94ac80ed76308867e7b2a51e13ec634843bf
20670,4175442.0,,Sale at price 200.75 - 203.42 per share.,,2025-05-22,D,AMZN,b19f29bdc7ab62cc307c30f5d7d6b7c43c220142c7901f00e5f3958c43324363,0b4b9cf280db0684e726c2d69e9c94ac80ed76308867e7b2a51e13ec634843bf
2695,541129.0,,Sale at price 200.73 - 201.48 per share.,,2025-05-21,D,AMZN,16cf70bb7b601e0eb0d8a0a9f2c914706a66ec5c2e209bd8903ffc6363015c08,0b4b9cf280db0684e726c2d69e9c94ac80ed76308867e7b2a51e13ec634843bf
19872,4000320.0,,Sale at price 200.75 - 202.81 per share.,,2025-05-21,D,AMZN,38a6148db2f362be2a1783ea3432249f7b30ad4e555be32b182e2fa19c569f81,c843c232c31426b2ee4ebab8c1146a01d410b1c8f9ba0da36361a1edcc5e5095
20923,4211791.0,,Sale at price 200.75 - 203.21 per share.,,2025-05-21,D,AMZN,adc039d6dcd07020258b374c26419004a9e6d50998298dfb713ad656b9194007,c843c232c31426b2ee4ebab8c1146a01d410b1c8f9ba0da36361a1edcc5e5095
6843,1373851.0,,Sale at price 200.76 - 201.36 per share.,,2025-05-21,D,AMZN,a5031882238d0eb6e8c720e8cecaf1cceac6cb8e4da8fe13d6925ae278346035,c843c232c31426b2ee4ebab8c1146a01d410b1c8f9ba0da36361a1edcc5e5095
17750,3577868.0,,Sale at price 201.57 per share.,,2025-05-21,D,AMZN,8ce2b0c013f6eb3f0fe00026648a986f6141aa1145b5af9b5f6eb38316b5bece,e878fb932775145a35d621cbfd18580eac7e08d475df589d8d4709f6effc7826
17750,,,,,2025-05-21,D,AMZN,b19f29bdc7ab62cc307c30f5d7d6b7c43c220142c7901f00e5f3958c43324363,0b4b9cf280db0684e726c2d69e9c94ac80ed76308867e7b2a51e13ec634843bf
17750,,,,,2025-05-21,D,AMZN,8ce2b0c013f6eb3f0fe00026648a986f6141aa1145b5af9b5f6eb38316b5bece,e878fb932775145a35d621cbfd18580eac7e08d475df589d8d4709f6effc7826
17107,,,,,2025-05-21,D,AMZN,a5031882238d0eb6e8c720e8cecaf1cceac6cb8e4da8fe13d6925ae278346035,c843c232c31426b2ee4ebab8c1146a01d410b1c8f9ba0da36361a1edcc5e5095
20923,,,,,2025-05-21,D,AMZN,adc039d6dcd07020258b374c26419004a9e6d50998298dfb713ad656b9194007,c843c232c31426b2ee4ebab8c1146a01d410b1c8f9ba0da36361a1edcc5e5095
49680,,,,,2025-05-21,D,AMZN,38a6148db2f362be2a1783ea3432249f7b30ad4e555be32b182e2fa19c569f81,c843c232c31426b2ee4ebab8c1146a01d410b1c8f9ba0da36361a1edcc5e5095
2695,,,,,2025-05-21,D,AMZN,16cf70bb7b601e0eb0d8a0a9f2c914706a66ec5c2e209bd8903ffc6363015c08,0b4b9cf280db0684e726c2d69e9c94ac80ed76308867e7b2a51e13ec634843bf
4864,0.0,,Stock Gift at price 0.00 per share.,,2025-05-20,D,AMZN,a5031882238d0eb6e8c720e8cecaf1cceac6cb8e4da8fe13d6925ae278346035,0b4b9cf280db0684e726c2d69e9c94ac80ed76308867e7b2a51e13ec634843bf
2120,,,,,2025-05-15,D,AMZN,43ff63f1af2aa0612f8a7071de17bffc90eb216f40694638cfa0062bb87b3cd3,b3c5bb2c6216bd5eebb27844209d649b53dfffa56f1b9bd189f374dcc0056611
4784,980971.0,,Sale at price 204.58 - 206.03 per share.,,2025-05-15,D,AMZN,a5031882238d0eb6e8c720e8cecaf1cceac6cb8e4da8fe13d6925ae278346035,c843c232c31426b2ee4ebab8c1146a01d410b1c8f9ba0da36361a1edcc5e5095
11960,,,,,2025-05-15,D,AMZN,a5031882238d0eb6e8c720e8cecaf1cceac6cb8e4da8fe13d6925ae278346035,c843c232c31426b2ee4ebab8c1146a01d410b1c8f9ba0da36361a1edcc5e5095
1984,,,,,2025-05-15,D,AMZN,84697739c67dc1e2fab68b414b579a6edef237907f349e31abb2db533b1333d9,b3c5bb2c6216bd5eebb27844209d649b53dfffa56f1b9bd189f374dcc0056611
609402,0.0,,Stock Gift at price 0.00 per share.,,2025-05-14,D,AMZN,377573f426f1b4eb68d6b159660d03ecd7e120aa574bfb7afa192ed27581f70d,a05e77c114e6c8e99d31bdbdd81adc6fc5fff2fed1a00a3a75db00a4e194cede
1000,210680.0,,Sale at price 210.68 per share.,,2025-05-12,D,AMZN,33260b377af2df0055d09866543a03d783491a7a034adaa7d615bd1c8d37ae43,b3c5bb2c6216bd5eebb27844209d649b53dfffa56f1b9bd189f374dcc0056611
2500,476675.0,,Sale at price 190.67 per share.,,2025-05-01,D,AMZN,a5031882238d0eb6e8c720e8cecaf1cceac6cb8e4da8fe13d6925ae278346035,0b4b9cf280db0684e726c2d69e9c94ac80ed76308867e7b2a51e13ec634843bf
2500,469975.0,,Sale at price 187.99 per share.,,2025-04-01,D,AMZN,a5031882238d0eb6e8c720e8cecaf1cceac6cb8e4da8fe13d6925ae278346035,0b4b9cf280db0684e726c2d69e9c94ac80ed76308867e7b2a51e13ec634843bf
296182,0.0,,Stock Gift at price 0.00 per share.,,2025-03-04,D,AMZN,377573f426f1b4eb68d6b159660d03ecd7e120aa574bfb7afa192ed27581f70d,a05e77c114e6c8e99d31bdbdd81adc6fc5fff2fed1a00a3a75db00a4e194cede
2500,532925.0,,Sale at price 213.17 per share.,,2025-03-03,D,AMZN,a5031882238d0eb6e8c720e8cecaf1cceac6cb8e4da8fe13d6925ae278346035,c843c232c31426b2ee4ebab8c1146a01d410b1c8f9ba0da36361a1edcc5e5095
25060,5469364.0,,Sale at price 217.50 - 223.16 per share.,,2025-02-24,D,AMZN,b19f29bdc7ab62cc307c30f5d7d6b7c43c220142c7901f00e5f3958c43324363,0b4b9cf280db0684e726c2d69e9c94ac80ed76308867e7b2a51e13ec634843bf
8833,1965107.0,,Sale at price 221.42 - 223.14 per share.,,2025-02-21,D,AMZN,16cf70bb7b601e0eb0d8a0a9f2c914706a66ec5c2e209bd8903ffc6363015c08,0b4b9cf280db0684e726c2d69e9c94ac80ed76308867e7b2a51e13ec634843bf
20784,4586006.0,,Sale at price 219.10 - 222.88 per share.,,2025-02-21,D,AMZN,38a6148db2f362be2a1783ea3432249f7b30ad4e555be32b182e2fa19c569f81,c843c232c31426b2ee4ebab8c1146a01d410b1c8f9ba0da36361a1edcc5e5095
15240,3363292.0,,Sale at price 219.05 - 222.79 per share.,,2025-02-21,D,AMZN,adc039d6dcd07020258b374c26419004a9e6d50998298dfb713ad656b9194007,0b4b9cf280db0684e726c2d69e9c94ac80ed76308867e7b2a51e13ec634843bf
6104,1357967.0,,Sale at price 221.52 - 223.14 per share.,,2025-02-21,D,AMZN,a5031882238d0eb6e8c720e8cecaf1cceac6cb8e4da8fe13d6925ae278346035,0b4b9cf280db0684e726c2d69e9c94ac80ed76308867e7b2a51e13ec634843bf
14620,3262307.0,,Sale at price 223.14 per share.,,2025-02-21,D,AMZN,8ce2b0c013f6eb3f0fe00026648a986f6141aa1145b5af9b5f6eb38316b5bece,e878fb932775145a35d621cbfd18580eac7e08d475df589d8d4709f6effc7826
14620,,,,,2025-02-21,D,AMZN,b19f29bdc7ab62cc307c30f5d7d6b7c43c220142c7901f00e5f3958c43324363,0b4b9cf280db0684e726c2d69e9c94ac80ed76308867e7b2a51e13ec634843bf
14620,,,,,2025-02-21,D,AMZN,8ce2b0c013f6eb3f0fe00026648a986f6141aa1145b5af9b5f6eb38316b5bece,e878fb932775145a35d621cbfd18580eac7e08d475df589d8d4709f6effc7826
15260,,,,,2025-02-21,D,AMZN,a5031882238d0eb6e8c720e8cecaf1cceac6cb8e4da8fe13d6925ae278346035,0b4b9cf280db0684e726c2d69e9c94ac80ed76308867e7b2a51e13ec634843bf
51960,,,,,2025-02-21,D,AMZN,38a6148db2f362be2a1783ea3432249f7b30ad4e555be32b182e2fa19c569f81,c843c232c31426b2ee4ebab8c1146a01d410b1c8f9ba0da36361a1edcc5e5095
5471,,,,,2025-02-21,D,AMZN,16cf70bb7b601e0eb0d8a0a9f2c914706a66ec5c2e209bd8903ffc6363015c08,0b4b9cf280db0684e726c2d69e9c94ac80ed76308867e7b2a51e13ec634843bf
51750,0.0,,Stock Gift at price 0.00 per share.,,2025-02-18,I,AMZN,03ba82b9ed410f7815925c5a364a18dc71862194151774d9b0594271d69da9cd,b3c5bb2c6216bd5eebb27844209d649b53dfffa56f1b9bd189f374dcc0056611
5501,1256672.0,,Sale at price 228.32 - 228.90 per share.,,2025-02-18,D,AMZN,a5031882238d0eb6e8c720e8cecaf1cceac6cb8e4da8fe13d6925ae278346035,0b4b9cf280db0684e726c2d69e9c94ac80ed76308867e7b2a51e13ec634843bf
1900,,,,,2025-02-14,D,AMZN,4612cddb9c6e07b5abd04ca26a8b0a16449a73a3689d60b849077cf6dc9ad224,b3c5bb2c6216bd5eebb27844209d649b53dfffa56f1b9bd189f374dcc0056611
13752,,,,,2025-02-14,D,AMZN,a5031882238d0eb6e8c720e8cecaf1cceac6cb8e4da8fe13d6925ae278346035,0b4b9cf280db0684e726c2d69e9c94ac80ed76308867e7b2a51e13ec634843bf
2677,,,,,2025-02-14,D,AMZN,03ba82b9ed410f7815925c5a364a18dc71862194151774d9b0594271d69da9cd,b3c5bb2c6216bd5eebb27844209d649b53dfffa56f1b9bd189f374dcc0056611
27500,6332368.0,,Sale at price 228.74 - 230.68 per share.,,2025-02-12,D,AMZN,a5031882238d0eb6e8c720e8cecaf1cceac6cb8e4da8fe13d6925ae278346035,0b4b9cf280db0684e726c2d69e9c94ac80ed76308867e7b2a51e13ec634843bf
4351,1000077.0,,Sale at price 229.85 per share.,,2024-12-09,D,AMZN,41e6c4c8726904900738a52d1c1bb3b19728e596fc19d0fc22eef7782e9b4c6c,b3c5bb2c6216bd5eebb27844209d649b53dfffa56f1b9bd189f374dcc0056611
4549,1000098.0,,Sale at price 219.85 per share.,,2024-12-04,D,AMZN,41e6c4c8726904900738a52d1c1bb3b19728e596fc19d0fc22eef7782e9b4c6c,b3c5bb2c6216bd5eebb27844209d649b53dfffa56f1b9bd189f374dcc0056611
3500,735000.0,,Sale at price 210.00 per share.,,2024-12-02,D,AMZN,a5031882238d0eb6e8c720e8cecaf1cceac6cb8e4da8fe13d6925ae278346035,0b4b9cf280db0684e726c2d69e9c94ac80ed76308867e7b2a51e13ec634843bf
3791,759090.0,,Sale at price 198.74 - 202.40 per share.,,2024-11-21,D,AMZN,16cf70bb7b601e0eb0d8a0a9f2c914706a66ec5c2e209bd8903ffc6363015c08,0b4b9cf280db0684e726c2d69e9c94ac80ed76308867e7b2a51e13ec634843bf
20784,4160373.0,,Sale at price 196.46 - 202.74 per share.,,2024-11-21,D,AMZN,38a6148db2f362be2a1783ea3432249f7b30ad4e555be32b182e2fa19c569f81,c843c232c31426b2ee4ebab8c1146a01d410b1c8f9ba0da36361a1edcc5e5095
15260,3054828.0,,Sale at price 196.31 - 202.87 per share.,,2024-11-21,D,AMZN,adc039d6dcd07020258b374c26419004a9e6d50998298dfb713ad656b9194007,c843c232c31426b2ee4ebab8c1146a01d410b1c8f9ba0da36361a1edcc5e5095
6104,1221989.0,,Sale at price 198.69 - 202.80 per share.,,2024-11-21,D,AMZN,a5031882238d0eb6e8c720e8cecaf1cceac6cb8e4da8fe13d6925ae278346035,0b4b9cf280db0684e726c2d69e9c94ac80ed76308867e7b2a51e13ec634843bf
11680,2338661.0,,Sale at price 196.46 - 203.06 per share.,,2024-11-21,D,AMZN,b19f29bdc7ab62cc307c30f5d7d6b7c43c220142c7901f00e5f3958c43324363,0b4b9cf280db0684e726c2d69e9c94ac80ed76308867e7b2a51e13ec634843bf
14600,2962048.0,,Sale at price 202.88 per share.,,2024-11-21,D,AMZN,8ce2b0c013f6eb3f0fe00026648a986f6141aa1145b5af9b5f6eb38316b5bece,e878fb932775145a35d621cbfd18580eac7e08d475df589d8d4709f6effc7826
14600,,,,,2024-11-21,D,AMZN,b19f29bdc7ab62cc307c30f5d7d6b7c43c220142c7901f00e5f3958c43324363,0b4b9cf280db0684e726c2d69e9c94ac80ed76308867e7b2a51e13ec634843bf
14600,,,,,2024-11-21,D,AMZN,8ce2b0c013f6eb3f0fe00026648a986f6141aa1145b5af9b5f6eb38316b5bece,e878fb932775145a35d621cbfd18580eac7e08d475df589d8d4709f6effc7826
15260,,,,,2024-11-21,D,AMZN,a5031882238d0eb6e8c720e8cecaf1cceac6cb8e4da8fe13d6925ae278346035,0b4b9cf280db0684e726c2d69e9c94ac80ed76308867e7b2a51e13ec634843bf
51960,,,,,2024-11-21,D,AMZN,38a6148db2f362be2a1783ea3432249f7b30ad4e555be32b182e2fa19c569f81,c843c232c31426b2ee4ebab8c1146a01d410b1c8f9ba0da36361a1edcc5e5095
5472,,,,,2024-11-21,D,AMZN,16cf70bb7b601e0eb0d8a0a9f2c914706a66ec5c2e209bd8903ffc6363015c08,0b4b9cf280db0684e726c2d69e9c94ac80ed76308867e7b2a51e13ec634843bf
1409999,0.0,,Stock Gift at price 0.00 per share.,,2024-11-20,D,AMZN,377573f426f1b4eb68d6b159660d03ecd7e120aa574bfb7afa192ed27581f70d,a05e77c114e6c8e99d31bdbdd81adc6fc5fff2fed1a00a3a75db00a4e194cede
1237,246237.0,,Sale at price 199.06 per share.,,2024-11-19,D,AMZN,a9cabf66cebd7ba9d155e511b57c510ee670348d6cc45ef9b75c297d3a842e74,b3c5bb2c6216bd5eebb27844209d649b53dfffa56f1b9bd189f374dcc0056611
4950,0.0,,Stock Gift at price 0.00 per share.,,2024-11-15,D,AMZN,b19f29bdc7ab62cc307c30f5d7d6b7c43c220142c7901f00e5f3958c43324363,0b4b9cf280db0684e726c2d69e9c94ac80ed76308867e7b2a51e13ec634843bf
2473,,,,,2024-11-15,D,AMZN,41e6c4c8726904900738a52d1c1bb3b19728e596fc19d0fc22eef7782e9b4c6c,b3c5bb2c6216bd5eebb27844209d649b53dfffa56f1b9bd189f374dcc0056611
2473,,,,,2024-11-15,D,AMZN,b2a566dd49ca5be6c7edf428a6622ed5a45365df6809d5a78e4156712c73c40f,b3c5bb2c6216bd5eebb27844209d649b53dfffa56f1b9bd189f374dcc0056611
5502,1132355.0,,Sale at price 204.99 - 206.78 per share.,,2024-11-15,D,AMZN,a5031882238d0eb6e8c720e8cecaf1cceac6cb8e4da8fe13d6925ae278346035,0b4b9cf280db0684e726c2d69e9c94ac80ed76308867e7b2a51e13ec634843bf
2605,,,,,2024-11-15,I,AMZN,1d39faff0055e10649311fe9f6dfdb6baee823b781881f05e3b79ab9b965882c,b3c5bb2c6216bd5eebb27844209d649b53dfffa56f1b9bd189f374dcc0056611
2473,,,,,2024-11-15,D,AMZN,a9cabf66cebd7ba9d155e511b57c510ee670348d6cc45ef9b75c297d3a842e74,b3c5bb2c6216bd5eebb27844209d649b53dfffa56f1b9bd189f374dcc0056611
13753,,,,,2024-11-15,D,AMZN,a5031882238d0eb6e8c720e8cecaf1cceac6cb8e4da8fe13d6925ae278346035,0b4b9cf280db0684e726c2d69e9c94ac80ed76308867e7b2a51e13ec634843bf
2605,,,,,2024-11-15,D,AMZN,33260b377af2df0055d09866543a03d783491a7a034adaa7d615bd1c8d37ae43,b3c5bb2c6216bd5eebb27844209d649b53dfffa56f1b9bd189f374dcc0056611
1900,,,,,2024-11-15,D,AMZN,c3118ea7dbb373ed4fda9d1db3eb40adaad862e579c300c17fcfc860a598b07b,b3c5bb2c6216bd5eebb27844209d649b53dfffa56f1b9bd189f374dcc0056611
3300720,686521413.0,,Sale at price 206.50 - 212.71 per share.,,2024-11-13,D,AMZN,377573f426f1b4eb68d6b159660d03ecd7e120aa574bfb7afa192ed27581f70d,a05e77c114e6c8e99d31bdbdd81adc6fc5fff2fed1a00a3a75db00a4e194cede
5992724,1245279944.0,,Sale at price 206.28 - 209.65 per share.,,2024-11-11,D,AMZN,377573f426f1b4eb68d6b159660d03ecd7e120aa574bfb7afa192ed27581f70d,8c95fccc7fa710c5460ef7c5a1827770d8242819fdb28412ac3a642144479096
4766,1000145.0,,Sale at price 209.85 per share.,,2024-11-07,D,AMZN,41e6c4c8726904900738a52d1c1bb3b19728e596fc19d0fc22eef7782e9b4c6c,b3c5bb2c6216bd5eebb27844209d649b53dfffa56f1b9bd189f374dcc0056611
5992724,1231381630.0,,Sale at price 200.39 - 211.56 per share.,,2024-11-07,D,AMZN,377573f426f1b4eb68d6b159660d03ecd7e120aa574bfb7afa192ed27581f70d,8c95fccc7fa710c5460ef7c5a1827770d8242819fdb28412ac3a642144479096
900,176733.0,,Sale at price 196.37 per share.,,2024-11-04,D,AMZN,33260b377af2df0055d09866543a03d783491a7a034adaa7d615bd1c8d37ae43,b3c5bb2c6216bd5eebb27844209d649b53dfffa56f1b9bd189f374dcc0056611
3500,696360.0,,Sale at price 198.96 per share.,,2024-11-01,D,AMZN,a5031882238d0eb6e8c720e8cecaf1cceac6cb8e4da8fe13d6925ae278346035,0b4b9cf280db0684e726c2d69e9c94ac80ed76308867e7b2a51e13ec634843bf
1068452,213760597.0,,Sale at price 200.07 per share.,,2024-11-01,D,AMZN,377573f426f1b4eb68d6b159660d03ecd7e120aa574bfb7afa192ed27581f70d,8c95fccc7fa710c5460ef7c5a1827770d8242819fdb28412ac3a642144479096
5004,1000049.0,,Sale at price 199.85 per share.,,2024-11-01,D,AMZN,41e6c4c8726904900738a52d1c1bb3b19728e596fc19d0fc22eef7782e9b4c6c,b3c5bb2c6216bd5eebb27844209d649b53dfffa56f1b9bd189f374dcc0056611
3500,646800.0,,Sale at price 184.80 per share.,,2024-10-01,D,AMZN,a5031882238d0eb6e8c720e8cecaf1cceac6cb8e4da8fe13d6925ae278346035,c843c232c31426b2ee4ebab8c1146a01d410b1c8f9ba0da36361a1edcc5e5095
2190,427050.0,,Sale at price 195.00 per share.,,2024-09-24,D,AMZN,b19f29bdc7ab62cc307c30f5d7d6b7c43c220142c7901f00e5f3958c43324363,0b4b9cf280db0684e726c2d69e9c94ac80ed76308867e7b2a51e13ec634843bf
